Número de matriz,Número de filial puertorriqueña,ID Orbis de matriz,Nombre de matriz,País de matriz,Estado de matriz,Ingresos máximos de filial (EUR miles),ID de compañía de PR,Nombre de filial puertorriqueña
1,1,US911646860,"AMAZON.COM, INC.",US,WA,529657573.789955,486437-112,AMAZON WEB SERVICES INC.
2,1,US050494040,CVS HEALTH CORPORATION,US,RI,329686423.866741,388609-112,CVS PR CENTER INC.
2,2,US050494040,CVS HEALTH CORPORATION,US,RI,329686423.866741,455593-1512,"SIGNIFY HEALTH,  LLC"
3,1,US411321939,UNITEDHEALTH GROUP INC.,US,MN,298711641.247927,811-1532,"CHANGE HEALTHCARE PUERTO RICO, LLC"
3,2,US411321939,UNITEDHEALTH GROUP INC.,US,MN,298711641.247927,13810-112,"SPECTERA, INC."
4,1,GB04366849,SHELL PLC,GB,,291761928.129817,13903-112,SHELL TRADING (US) COMPANY
5,1,US943207296,MCKESSON CORPORATION,US,TX,285774740.394503,13163-112,MCKESSON CORPORATION
6,1,US611767919,ALPHABET INC.,US,CA,283260409.165492,413117-112,"FITBIT, LLC"
7,1,DE7330003759,PORSCHE AUTOMOBIL HOLDING SE,DE,,274445934.119,491459-112,MAN ENERGY SOLUTIONS USA INC.
8,1,US233079390,CENCORA INC,US,PA,241590042.357571,417008-1512,"ASD SPECIALTY HEALTHCARE, LLC"
8,2,US233079390,CENCORA INC,US,PA,241590042.357571,417034-1512,"INTEGRATED COMMERCIALIZATION SOLUTIONS,  LLC"
9,1,US911223280,COSTCO WHOLESALE CORP,US,WA,226954000.0,11544-112,COSTCO WHOLESALE CORPORATION
9,2,US911223280,COSTCO WHOLESALE CORP,US,WA,226954000.0,443605-1512,COSTCO-INNOVEL SOLUTIONS  LLC
10,1,KR1301110006246,"SAMSUNG ELECTRONICS CO.,LTD.",KR,,219760973.208475,525953-112,HARMAN INTERNATIONAL INDUSTRIES INCORPORATED
11,1,GB00102498,BP PLC,GB,,193632347.129094,14702-112,BP MARINE LIMITED
12,1,NL60372958,STELLANTIS N.V.,NL,,176513883.492735,1514-1532,EXTENDED VEHICLE PROTECTION LLC
12,2,NL60372958,STELLANTIS N.V.,NL,,176513883.492735,365786-1512,FCA CARIBBEAN LLC
12,3,NL60372958,STELLANTIS N.V.,NL,,176513883.492735,977-1532,FCA SERVICE CONTRACTS LLC
13,1,US380549190,FORD MOTOR CO,US,MI,162358071.381886,11001-112,"FORD INTERNATIONAL BUSINESS DEVELOPMENT, INCORPORATED"
13,2,US380549190,FORD MOTOR CO,US,MI,162358071.381886,413-1532,FORD MOTOR CREDIT COMPANY LLC
13,3,US380549190,FORD MOTOR CO,US,MI,162358071.381886,13100-112,FORD MOTOR SERVICE COMPANY
14,1,IT00811720580,ENEL SPA,IT,,136828763.295321,460723-1512,"ENEL X ARECIBO,  LLC"
14,2,IT00811720580,ENEL SPA,IT,,136828763.295321,460714-1512,"ENEL X LAS PIEDRAS, LLC"
14,3,IT00811720580,ENEL SPA,IT,,136828763.295321,459339-1512,"ENEL X PR HOLDINGS, LLC"
15,1,US132624428,JPMORGAN CHASE & CO,US,NY,135648759.816555,8463-112,J.P.MORGAN SECURITIES LLC
16,1,US421406317,CENTENE CORP,US,MO,134377178.764484,340030-112,"ENVOLVE TOTAL VISION, INC."
17,1,DE5030147137,DEUTSCHE TELEKOM AG,DE,,112451855.485587,499438-1512,SPRINT COMMUNICATIONS LLC
18,1,US270000798,COMCAST CORPORATION,US,PA,112027320.912138,442456-1512,"DEEP BLUE COMMUNICATIONS, LLC"
18,2,US270000798,COMCAST CORPORATION,US,PA,112027320.912138,502596-112,"MASERGY CLOUD COMMUNICATIONS, INC."
19,1,JP1010001008767,MITSUI & CO LTD,JP,,98765201.972789,8469-112,"NOVUS INTERNATIONAL, INC."
20,1,US582480149,UNITED PARCEL SERVICE INC,US,GA,94072799.682138,6995-112,UNITED PARCEL SERVICE CO.
20,2,US582480149,UNITED PARCEL SERVICE INC,US,GA,94072799.682138,6994-112,"UNITED PARCEL SERVICE, INC."
20,3,US582480149,UNITED PARCEL SERVICE INC,US,GA,94072799.682138,8965-112,"UPS SUPPLY CHAIN SOLUTIONS, INC."
21,1,JP7010001065142,NIPPON TELEGRAPH AND TELEPHONE CORPORATION,JP,,90686677.773854,479798-112,NTT CLOUD COMMUNICATIONS U.S. INC.
22,1,US560906609,BANK OF AMERICA CORPORATION,US,NC,86841049.993501,372371-112,"BOFA SECURITIES, INC."
22,2,US560906609,BANK OF AMERICA CORPORATION,US,NC,86841049.993501,15096-112,MERRILL LYNCH LIFE AGENCY OF WASHINGTON
22,3,US560906609,BANK OF AMERICA CORPORATION,US,NC,86841049.993501,1106-112,"MERRILL LYNCH, PIERCE, FENNER & SMITH INCORPORATED"
23,1,DE7330170297,ROBERT BOSCH INDUSTRIETREUHAND KOMMANDITGESELLSCHAFT,DE,,86689120.421947,326402-112,SYNTEGON PHARMA TECHNOLOGY LLC
23,2,DE7330170297,ROBERT BOSCH INDUSTRIETREUHAND KOMMANDITGESELLSCHAFT,DE,,86689120.421947,338365-112,SYNTEGON TECHNOLOGY SERVICES LLC
24,1,DE7150000030,BASF SE,DE,,85830136.053789,11431-112,BASF AGROCHEMICAL PRODUCTS B.V.
25,1,CA90013NC,BROOKFIELD CORPORATION,CA,ON,85485563.685245,1554-1512,"CDK GLOBAL, LLC"
26,1,US131584302,PEPSICO INC,US,NY,84289563.158053,8520-112,"PEPSICO PUERTO RICO, INC."
27,1,US621721435,FEDEX CORP,US,TN,83076846.821042,6033-112,FEDERAL EXPRESS CORPORATION
28,1,US221024240,JOHNSON & JOHNSON,US,NJ,78473051.094195,12050-112,"AMO PUERTO RICO MANUFACTURING, INC."
28,2,US221024240,JOHNSON & JOHNSON,US,NJ,78473051.094195,94-1532,ETHICON LLC
28,3,US221024240,JOHNSON & JOHNSON,US,NJ,78473051.094195,324-1532,"JANSSEN-CILAG MANUFACTURING, LLC"
28,4,US221024240,JOHNSON & JOHNSON,US,NJ,78473051.094195,6336-112,JOHNSON & JOHNSON INTERNATIONAL
28,5,US221024240,JOHNSON & JOHNSON,US,NJ,78473051.094195,16-1532,"ORTHO BIOLOGICS, LLC"
29,1,US130871985,INTERNATIONAL BUSINESS MACHINES CORP,US,NY,76429416.190344,505-112,INTERNATIONAL BUSINESS MACHINES CORPORATION
30,1,DE2010000581,SIEMENS AG,DE,,75919988.512617,13918-112,SIEMENS HEALTHCARE DIAGNOSTICS INC.
31,1,US470813844,BERKSHIRE HATHAWAY INC.,US,NE,75708584.200308,366970-1512,"BHH AFFILIATES, LLC"
31,2,US470813844,BERKSHIRE HATHAWAY INC.,US,NE,75708584.200308,15005-112,UNITED CONSUMER FINANCIAL SERVICES COMPANY
32,1,JP7010001008844,HITACHI LTD,JP,,75118831.262945,429577-112,HITACHI ENERGY USA  INC.
33,1,JP9020001031109,"NISSAN MOTOR CO., LTD.",JP,,73155110.634651,348571-1512,NISSAN MOTOR ACCEPTANCE COMPANY LLC
34,1,US010562944,CONOCOPHILLIPS,US,TX,72331382.434279,14412-112,CONOCOPHILLIPS COMPANY
35,1,US741648137,SYSCO CORP,US,TX,70332331.919081,14932-112,BUCKHEAD MEAT COMPANY
36,1,US521568099,CITIGROUP INC,US,NY,69636879.590031,303-312,"CITIBANK, N.A."
36,2,US521568099,CITIGROUP INC,US,NY,69636879.590031,10780-112,CITIGROUP GLOBAL MARKETS INC.
37,1,US135315170,PFIZER INC,US,NY,68532673.18605,140-1532,VIATRIS PHARMACEUTICALS LLC
38,1,IT00079760328,ASSICURAZIONI GENERALI SOCIETA' PER AZIONI,IT,,68117090.877892,501136-1512,"N2G WORLDWIDE INSURANCE SERVICES, LLC"
39,1,BR02916265000160,JBS S.A.,BR,,66209498.142434,13831-112,"TO-RICOS DISTRIBUTION, LTD."
39,2,BR02916265000160,JBS S.A.,BR,,66209498.142434,13830-112,"TO-RICOS, LTD."
40,1,CHCHE111788344,ARTUMA HOLDING GMBH,CH,,65267114.415531,7395-112,"GENENTECH P.R. , INC."
40,2,CHCHE111788344,ARTUMA HOLDING GMBH,CH,,65267114.415531,6371-112,ROCHE PRODUCTS INC.
40,3,CHCHE111788344,ARTUMA HOLDING GMBH,CH,,65267114.415531,4495-112,"SYNTEX PUERTO RICO, INC."
41,1,CHCHE395345924,UBS GROUP AG,CH,,64283070.172538,342433-112,"COLUMN FINANCIAL, INC."
41,2,CHCHE395345924,UBS GROUP AG,CH,,64283070.172538,15790-112,"LIME RESIDENTIAL, LTD."
41,3,CHCHE395345924,UBS GROUP AG,CH,,64283070.172538,337790-1512,RUSHMORE LOAN MANAGEMENT SERVICES  LLC
41,4,CHCHE395345924,UBS GROUP AG,CH,,64283070.172538,10188-112,"SELECT PORTFOLIO SERVICING, INC"
41,5,CHCHE395345924,UBS GROUP AG,CH,,64283070.172538,6423-112,UBS FINANCIAL SERVICES INC.
42,1,US060570975,RTX CORP,US,MA,63509074.731587,8632-112,"HAMILTON SUNDSTRAND DE PUERTO RICO, INC."
42,2,US060570975,RTX CORP,US,MA,63509074.731587,12015-112,RAYTHEON SERVICES COMPANY PUERTO RICO
43,1,US370602744,CATERPILLAR INC,US,IL,61795077.612708,14340-112,"CATERPILLAR CRÉDITO,S.A. DE C.V. SOFOM, ER"
44,1,US273865930,"HCA HEALTHCARE, INC.",US,TN,59867341.128483,1323-1532,"NPAS SOLUTIONS, LLC"
45,1,ESA39000013,BANCO SANTANDER SA,ES,,59589821.825939,334641-1512,"PUNTA LIMA, LLC"
46,1,IE471706,ACCENTURE PUBLIC LIMITED COMPANY,IE,,59078301.458696,476180-113,ACCENTURE OPERATIONS SERVICES PRIVATE LIMITED INC.
46,2,IE471706,ACCENTURE PUBLIC LIMITED COMPANY,IE,,59078301.458696,15770-112,ACCENTURE SOLUTIONS PRIVATE LIMITED
47,1,US221918501,"MERCK & CO., INC.",US,NJ,55395284.228487,1518-1532,MERCK SHARP & DOHME (I.A.) LLC
48,1,NL34274127,LOUIS DREYFUS HOLDING B.V.,NL,,55225752.37473,491244-113,LOUIS DREYFUS COMPANY MEXICO SA DE CV CORPORACIÓN
49,1,US592921318,STONEX GROUP INC,US,NY,55160481.468387,487800-112,STONEX FINANCIAL INC.
50,1,US134922250,AMERICAN EXPRESS COMPANY,US,NY,54665133.837989,455890-112,AMERICAN EXPRESS COMPANY
51,1,JP8010001131752,DAI-ICHI LIFE HOLDINGS INC.,JP,,53640996.847607,14544-112,"INTERSTATE NATIONAL DEALER SERVICES, INC."
52,1,US320375147,ABBVIE INC.,US,IL,53496112.980676,12119-112,ABBVIE BIOTECHNOLOGY LTD
52,2,US320375147,ABBVIE INC.,US,IL,53496112.980676,13148-112,ABBVIE LTD
53,1,US580218548,"DELTA AIR LINES, INC.",US,GA,53490606.162624,2523-112,"DELTA AIR LINES, INC."
54,1,US770059951,CISCO SYSTEMS INC,US,CA,52522981.931491,10531-112,CISCO SYSTEMS (PUERTO RICO) CORP.
55,1,SE5560125790,AB VOLVO,SE,,50725577.160467,435477-112,PREVOST CAR (US) INC.
56,1,US134075851,METLIFE INC.,US,NY,50665336.662383,419328-112,"METLIFE LEGAL PLANS, INC."
56,2,US134075851,METLIFE INC.,US,NY,50665336.662383,231-412,METROPOLITAN LIFE INSURANCE COMPANY
57,1,US363145972,MORGAN STANLEY,US,NY,49647014.872883,532913-112,EATON VANCE MANAGEMENT INC.
58,1,US362675207,"UNITED AIRLINES HOLDINGS, INC",US,IL,49499604.283211,9363-112,"UNITED AIRLINES, INC."
59,1,US751825172,AMERICAN AIRLINES GROUP INC.,US,TX,48643587.109519,3578-112,"AMERICAN AIRLINES, INC."
60,1,NL24473890,LYONDELLBASELL INDUSTRIES N.V.,NL,,47676908.326064,7787-112,LYONDELL CHEMICAL COMPANY
61,1,US542185193,ORACLE CORP,US,CA,46032078.16887,503621-112,CERNER CORPORATION
62,1,US363871531,THE ALLSTATE CORP.,US,IL,46007149.12791,293-412,ALLSTATE INSURANCE COMPANY
62,2,US363871531,THE ALLSTATE CORP.,US,IL,46007149.12791,13111-112,"SIGNATURE'S NATIONWIDE AUTO CLUB, INC"
62,3,US363871531,THE ALLSTATE CORP.,US,IL,46007149.12791,444650-112,SQUARETRADE INS SERVICES INC.
63,1,FR395030844,SANOFI,FR,,43855809.660462,409-1532,"KADMON PHARMACEUTICALS, LLC"
63,2,FR395030844,SANOFI,FR,,43855809.660462,393405-112,STARLINK LOGISTICS INC.
64,1,US580628465,COCA-COLA COMPANY (THE),US,GA,42161801.480203,2872-112,"CARIBBEAN REFRESCOS, INC."
64,2,US580628465,COCA-COLA COMPANY (THE),US,GA,42161801.480203,6874-112,THE COCA-COLA COMPANY
65,1,FR403210032,VEOLIA ENVIRONNEMENT,FR,,42150225.735829,125-1532,"VEOLIA ES TECHNICAL SOLUTIONS, L.L.C."
65,2,FR403210032,VEOLIA ENVIRONNEMENT,FR,,42150225.735829,4091-112,"VEOLIA WTS INTERNATIONAL USA, INC."
66,1,US220790350,BRISTOL-MYERS SQUIBB COMPANY,US,NY,41472536.028061,12396-112,"BRISTOL-MYERS SQUIBB HOLDINGS PHARMA, LTD. LIABILITY COMPANY"
66,2,US220790350,BRISTOL-MYERS SQUIBB COMPANY,US,NY,41472536.028061,11587-112,BRISTOL-MYERS SQUIBB MANUFACTURING COMPANY UNLIMITED COMPANY
66,3,US220790350,BRISTOL-MYERS SQUIBB COMPANY,US,NY,41472536.028061,580-112,E.R. SQUIBB & SONS INTER-AMERICAN CORPORATION
67,1,CHCHE191546434,SWISS RE AG,CH,,41236612.737381,12893-112,"TMS RE, INC."
68,1,US301128146,DOW INC.,US,MI,41118646.484596,759-112,DOW CHEMICAL INTER-AMERICAN LIMITED
68,2,US301128146,DOW INC.,US,MI,41118646.484596,7-1532,PEÑUELAS TECHNOLOGY PARK LLC
69,1,US360698440,ABBOTT LABORATORIES,US,IL,40225781.731675,13509-112,"ABBOTT DIAGNOSTICS INTERNATIONAL, LTD"
69,2,US360698440,ABBOTT LABORATORIES,US,IL,40225781.731675,15571-112,ABBOTT HEALTHCARE (PUERTO RICO) LTD.
69,3,US360698440,ABBOTT LABORATORIES,US,IL,40225781.731675,15722-112,"ABBOTT RAPID DX NORTH AMERICA, L.L.C."
70,1,DE6290014544,FRESENIUS SE & CO. KGAA,DE,,40140015.067781,13917-112,"FENWAL INTERNATIONAL, INC."
71,1,CHCHE243263129,KUEHNE INVEST AG,CH,,39322818.38119,10586-112,KUEHNE + NAGEL INC.
72,1,US131673581,GENERAL DYNAMICS CORP,US,VA,38953153.86814,367372-112,"GENERAL DYNAMICS MISSION SYSTEMS, INC."
73,1,US222640650,HONEYWELL INTERNATIONAL INC,US,NC,37284903.152844,12759-112,"HONEYWELL INTERNATIONAL, INC."
74,1,GB03236483,IMPERIAL BRANDS PLC,GB,,36710899.377952,8859-112,CONGAR INTERNATIONAL CORPORATION
75,1,DE5110216866,THYSSENKRUPP AG,DE,,36643598.43142,423742-112,"THYSSENKRUPP POLYSIUS NORTH AMERICA, INC."
76,1,FR542048574,SCHNEIDER ELECTRIC SE,FR,,36557033.758083,3889-112,FOXBORO CONTROLES S.A.
77,1,CHCHE101236480,ZURICH INSURANCE GROUP AG,CH,,36031138.162991,133-412,FIDELITY AND DEPOSIT COMPANY OF MARYLAND
78,1,CA274347995L,PANSOLO HOLDING INC,CA,ON,35764175.438027,435467-1512,"EMPOWER RETIREMENT, LLC"
79,1,GB04083914,COMPASS GROUP PLC,GB,,35075178.139173,9908-112,"COMPASS GROUP USA, INC."
80,1,US111806155,ARROW ELECTRONICS INC,US,CO,34806337.719719,8503-112,"ARROW ELECTRONICS, INC."
81,1,JP4010001008772,MITSUBISHI ELECTRIC CORPORATION,JP,,34543374.878329,10139-112,"MITSUBISCHI ELECTRIC POWER PRODUCTS, INC."
82,1,US452647441,"UBER TECHNOLOGIES, INC.",US,CA,34354011.660565,496915-1512,"PORTIER, LLC"
83,1,ESA08015497,"NATURGY ENERGY GROUP, S.A.",ES,,33382839.696918,15284-112,NATURGY APROVISIONAMIENTOS S.A.
84,1,US910351110,PACCAR INC,US,WA,32369517.906541,396763-112,PACCAR FINANCIAL CORP.
85,1,DE5190000974,DEUTSCHE LUFTHANSA AKTIENGESELLSCHAFT,DE,,32208287.746867,348537-113,LUFTHANSA TECHNIK AKTIENGESELLSCHAFT
86,1,US132592361,AMERICAN INTERNATIONAL GROUP INC.,US,NY,32039240.596306,61-412,AMERICAN HOME ASSURANCE COMPANY
87,1,DK24256790,NOVO NORDISK A/S,DK,,31732476.91998,437729-112,"NOVO NORDISK PHARMA,  INC."
88,1,US350470950,ELI LILLY AND COMPANY,US,IN,31444965.912593,7971-112,ELI LILLY EXPORT S.A.
88,2,US350470950,ELI LILLY AND COMPANY,US,IN,31444965.912593,10137-112,"LILLY DEL CARIBE, INC."
89,1,DK58233528,DSV A/S,DK,,31146923.20783,436353-112,DSV AIR & SEA INC.
90,1,DE8171104214,SIEMENS ENERGY AG,DE,,30379130.3091,10992-112,"SIEMENS ENERGY, INC."
90,2,DE8171104214,SIEMENS ENERGY AG,DE,,30379130.3091,383102-112,"SIEMENS GAMESA RENEWABLE ENERGY, INC."
91,1,DE7050001788,SAP SE,DE,,30341839.493679,767-1532,SAP PUERTO RICO GMBH LLC
92,1,IE606357,LINDE PUBLIC LIMITED COMPANY,IE,,30274609.501798,11989-112,LINDE PUERTO RICO B.V.
93,1,US943047598,GILEAD SCIENCES INC,US,CA,29979794.151485,11890-112,"GILEAD SCIENCES, INC."
94,1,CHCHE101049653,ABB LTD,CH,,29704224.419494,12615-112,"ABB, INC."
95,1,CN9502455515,SINOCHEM HOLDINGS CORPORATION LTD,CN,,29658197.888688,436736-112,KRAUSS-MAFFEI CORPORATION
96,1,US134204626,MOLINA HEALTHCARE INC.,US,CA,29394579.247176,353609-112,"MOLINA HEALTHCARE,  INC."
97,1,US411724239,"NRG ENERGY, INC.",US,NJ,29066532.861724,405176-1512,NRG DG DEVELOPMENT LLC
98,1,JP8010401050387,MITSUBISHI HEAVY INDUSTRIES LTD,JP,,29014301.024231,13854-1512,MECHANICAL  DYNAMICS & ANALYSIS LLC
98,2,JP8010401050387,MITSUBISHI HEAVY INDUSTRIES LTD,JP,,29014301.024231,13586-1512,MITSUBISHI POWER AERO   LLC
98,3,JP8010401050387,MITSUBISHI HEAVY INDUSTRIES LTD,JP,,29014301.024231,336426-1512,"MOHAWK LABOR SERVICES, LLC"
99,1,IE545333,MEDTRONIC PUBLIC LIMITED COMPANY,IE,,28775334.976989,11897-112,MEDTRONIC PUERTO RICO  OPERATIONS CO.
99,2,IE545333,MEDTRONIC PUBLIC LIMITED COMPANY,IE,,28775334.976989,11234-112,"U.S.S.C. PUERTO RICO, INC."
100,1,JP9011101055980,SOMPO HOLDINGS INC.,JP,,28240466.843849,456412-1512,W. BROWN & ASSOCIATES INS SERVICES LLC
101,1,JP6010801003186,CANON INCORPORATED,JP,,28005310.231987,8594-112,"CANON MEDICAL SYSTEMS USA, INC."
102,1,GB00048839,BARCLAYS PLC,GB,,27752359.668219,346895-1512,"DG SOLAR LESSEE II, LLC"
103,1,US173561559L,PERATON SOLUTIONS INC.,US,VA,27466955.998954,330480-112,PERATON INC.
104,1,US472989869,"PAYPAL HOLDINGS, INC.",US,CA,27433638.751089,12241-112,"PAYPAL, INC."
105,1,FR552032534,DANONE,FR,,27186891.65103,15429-112,"DANNON PR, INC."
106,1,IN0000021455,TATA SONS PRIVATE LIMITED,IN,,26955884.540191,15702-112,TATA CONSULTANCY SERVICES (PHILIPPINES) INC.
106,2,IN0000021455,TATA SONS PRIVATE LIMITED,IN,,26955884.540191,13619-112,TATA CONSULTANCY SERVICES LIMITED
106,3,IN0000021455,TATA SONS PRIVATE LIMITED,IN,,26955884.540191,14264-112,TCS E-SERVE INTERNATIONAL LIMITED
107,1,US473298624,HEWLETT PACKARD ENTERPRISE COMPANY,US,CA,26847559.790228,494475-1513,HEWLETT PACKARD ENTERPRISE HEMISFERICA B.V. LLC
107,2,US473298624,HEWLETT PACKARD ENTERPRISE COMPANY,US,CA,26847559.790228,2-1533,"HEWLETT PACKARD PUERTO RICO, BV LLC"
108,1,US132070844L,"MARS, INCORPORATED (HQ)",US,VA,24769372.469079,2503-112,"MARS, INCORPORATED"
109,1,IE543654,JOHNSON CONTROLS INTERNATIONAL PLC,IE,,24689440.006978,498143-1512,FM:SYSTEMS GROUP LLC
110,1,US741563240,SOUTHWEST AIRLINES CO.,US,TX,24042552.91083,15694-112,SOUTHWEST AIRLINES CO.
111,1,JP3180301014273,TOYOTA INDUSTRIES CORPORATION,JP,,23333307.734957,456278-1512,"BASTIAN SOLUTIONS, LLC"
112,1,JP1010001230585,TBJ HOLDING INC.,JP,,23207432.342388,438415-112,"TOSHIBA GLOBAL COMMERCE SOLUTIONS, INC."
113,1,FR330703844,CAPGEMINI,FR,,22932948.424494,375028-112,CAPGEMINI AMERICA INC.
114,1,JP5120005007271,SUMITOMO LIFE INSURANCE CO.,JP,,22841011.470493,383844-112,SYMETRA LIFE INSURANCE COMPANY
115,1,US134172551,MASTERCARD,US,NY,22787487.705472,443364-1512,MASTERCARD TRANSACTION SERVICES (US) LLC
116,1,ESA85845535,INTERNATIONAL CONSOLIDATED AIRLINES GROUP S.A,ES,,22670653.962624,15119-112,IBERIA LINEAS AEREAS DE ESPAÑA SOCIEDAD ANONIMA OPERADORA
117,1,US133260245,"ALTRIA GROUP, INC.",US,VA,22560829.986331,15203-112,ALTRIA INTERNATIONAL SALES INC.
118,1,GB00293262,ASSOCIATED BRITISH FOODS PLC,GB,,22326120.296617,465093-112,"ACH FOOD COMPANIES, INC."
119,1,ESG28520443,FUNDACION MAPFRE,ES,,22311760.0,323825-123,"FUNDACION MAPFRE / FUNDACION CULTURAL PRIVADA, CORPORATION"
120,1,DE8190216927,ADIDAS AG,DE,,22125138.945987,528786-112,"ADIDAS AMERICA, INC."
121,1,US591995548,DANAHER CORP,US,DC,22014387.951795,3837-112,BECKMAN COULTER PUERTO RICO INC.
122,1,US522055918,MARRIOTT INTERNATIONAL INC,US,MD,21851280.719099,10233-112,"THE RITZ-CARLTON HOTEL COMPANY OF PUERTO RICO, INC."
123,1,DE6050002994,E. MERCK KG,DE,,21850948.061583,6479-112,EMD MILLIPORE CORPORATION
124,1,NL56532474,CNH INDUSTRIAL N.V,NL,,21630095.72292,460-1532,"NEW HOLLAND CREDIT COMPANY, LLC"
125,1,US340526850,SHERWIN WILLIAMS COMPANY (THE),US,OH,21242059.484381,5011-112,THE SHERWIN-WILLIAMS COMPANY
126,1,US362668272,MARSH & MCLENNAN COMPANIES INC,US,NY,20950977.707256,15644-112,WILLIAM A. GRAHAM COMPANY
127,1,US251723342,"WESCO INTERNATIONAL, INC.",US,PA,20627696.34124,8894-112,WESCO ANIXTER PUERTO RICO INC.
128,1,US834051582,CARRIER GLOBAL CORP,US,FL,20363050.239532,6597-112,"CARRIER (PUERTO RICO), INC."
128,2,US834051582,CARRIER GLOBAL CORP,US,FL,20363050.239532,1424-1532,"NORESCO PUERTO RICO, LLC"
129,1,PT500697256,"EDP, S.A.",PT,,20296820.063177,493975-1512,"EDPRNA DG PR RADAR, LLC"
130,1,FR342731973,FINANCIERE PINAULT,FR,,19923007.006808,13661-112,"GUCCI AMERICA,  INC."
131,1,US381490038,WHIRLPOOL CORP,US,MI,19654689.927246,7090-112,WHIRLPOOL CORPORATION
132,1,CAFEB33408,BANK OF MONTREAL,CA,QC,19315346.774396,8813-112,BMO CAPITAL MARKETS CORP
133,1,US943025021,"CHARLES SCHWAB CORPORATION, THE",US,TX,19227787.814466,9109-112,"CHARLES SCHWAB & CO ., INC."
134,1,US391672779,MANPOWERGROUP INC.,US,WI,19206278.531438,9936-112,MANPOWERGROUP  INC.
135,1,IE512978,EATON CORPORATION PLC,IE,,19122749.130365,13577-112,CUTLER-HAMMER ELECTRICAL COMPANY
135,2,IE512978,EATON CORPORATION PLC,IE,,19122749.130365,14496-112,EATON CORPORATION
135,3,IE512978,EATON CORPORATION PLC,IE,,19122749.130365,447320-112,"TRINOVA,  INC."
136,1,US952557091,TENET HEALTHCARE CORP,US,TX,18934746.030313,414754-1512,"PSS PATIENT SOLUTION SERVICES, LLC"
137,1,US381239739,STRYKER CORPORATION,US,MI,18888682.639949,10386-112,STRYKER CORPORATION
138,1,US390394230,KIMBERLY CLARK CORP,US,TX,18826923.52805,1878-112,KIMBERLY-CLARK COMMERCIAL INC.
139,1,US750289970,TEXAS INSTRUMENTS INC,US,TX,18777432.598157,454483-112,TEXAS INSTRUMENTS INCORPORATED
140,1,NL17001910,KONINKLIJKE PHILIPS N.V.,NL,,18500497.120198,14884-112,SPECTRANETICS LLC
141,1,US340253240,GOODYEAR TIRE & RUBBER CO,US,OH,18490583.741917,14627-112,GOODYEAR INTERNATIONAL CORPORATION
142,1,US245251451L,ERNST & YOUNG U.S. LLP,US,NY,18281439.759312,479796-812,ERNST & YOUNG LLP
143,1,US882515116,GE HEALTHCARE TECHNOLOGIES INC.,US,IL,18016935.64963,14-1532,GE HEALTHCARE CARIBBEAN EXPORT LLC
144,1,US131815595,COLGATE PALMOLIVE CO,US,NY,17929416.313726,6786-112,"COLGATE PALMOLIVE DE PUERTO RICO, INC."
145,1,US340276860,"L3HARRIS TECHNOLOGIES, INC.",US,FL,17894396.968603,12975-112,L3HARRIS TECHNOLOGIES INC.
146,1,US220760120,"BECTON, DICKINSON AND COMPANY",US,NJ,17851070.400464,10929-112,BARD SHANNON LTD.
146,2,US220760120,"BECTON, DICKINSON AND COMPANY",US,NJ,17851070.400464,10561-112,BECTON DICKINSON CARIBE LTD.
146,3,US220760120,"BECTON, DICKINSON AND COMPANY",US,NJ,17851070.400464,328480-1512,"PARATA SYSTEMS, LLC"
147,1,US133728359,COGNIZANT TECHNOLOGY SOLUTIONS CORP,US,NJ,17833577.775448,386053-113,COGNIZANT WORLDWIDE LIMITED
148,1,US581167100,AFLAC INC.,US,GA,17768152.05896,448432-112,"AFLAC BENEFITS SOLUTIONS, INC."
149,1,US391506125,FISERV INC,US,WI,17594002.624001,436702-112,CHECKFREEPAY CORPORATION
149,2,US391506125,FISERV INC,US,WI,17594002.624001,476485-1512,YOURPAY LLC
150,1,US561528994,FIRST CITIZENS BANCSHARES,US,NC,17379741.695901,472750-612,FIRST-CITIZENS BANK & TRUST COMPANY
151,1,US208236097,ARAMARK,US,PA,17373610.108331,1297-112,"ARAMARK SERVICES OF PUERTO RICO, INC."
151,2,US208236097,ARAMARK,US,PA,17373610.108331,7633-112,ARAMARK UNIFORM MANUFACTURING COMPANY
152,1,US351140070,LINCOLN NATIONAL CORP,US,IN,17287138.505379,9176-112,"LINCOLN FINANCIAL DISTRIBUTORS, INC."
153,1,US900226248,EQUITABLE HOLDINGS INC.,US,NY,16891469.85568,8128-112,EQUITABLE FINANCIAL LIFE INSURANCE COMPANY
153,2,US900226248,EQUITABLE HOLDINGS INC.,US,NY,16891469.85568,383339-1512,"PLANCONNECT, LLC"
154,1,US250730780,PPG INDUSTRIES INC,US,PA,16813501.47096,2855-112,"PPG INDUSTRIES, INC."
155,1,IN30143FI,INFOSYS LIMITED,IN,,16449693.02028,15739-112,INFOSYS BPM LIMITED
156,1,US314177100,NATIONWIDE MUTUAL INSURANCE CO.,US,OH,16409863.502762,191-412,NATIONWIDE LIFE INSURANCE COMPANY
157,1,TH0107537000246,CHAROEN POKPHAND FOODS PCL,TH,,16375470.770135,492467-1512,HYLIFE FOODS WINDOM LLC
158,1,US824979096,"CORTEVA, INC",US,DE,16084581.584203,8295-112,"CORTEVA AGRISCIENCE PUERTO RICO, INC."
158,2,US824979096,"CORTEVA, INC",US,DE,16084581.584203,8004-112,MYCOGEN SEEDS-PUERTO RICO CORPORATION
159,1,GBJE111714,WPP PLC (NEW),GB,,16045481.885945,757-1532,"PEP PUERTO RICO, LLC"
160,1,US060548860,"STANLEY BLACK & DECKER, INC.",US,CT,15889188.197224,10619-112,"STANLEY BLACK & DECKER, INC."
161,1,NL30046259,COOPERATIEVE RABOBANK U.A.,NL,,15686082.75996,9054-112,"DE LAGE LANDEN FINANCIAL SERVICES, INC."
162,1,DK10403782,VESTAS WIND SYSTEMS A/S,DK,,15662642.845167,15617-112,"VESTAS-AMERICAN WIND TECHNOLOGY, INC."
163,1,CAFEB33410,CANADIAN IMPERIAL BANK OF COMMERCE,CA,,15474175.314676,349566-112,OPPENHEIMER & CO.  INC.
164,1,US132614959,THE BANK OF NEW YORK MELLON CORPORATION,US,NY,15091229.381178,556-1532,"PERSHING, LLC"
165,1,US881121891,JACOBS SOLUTIONS INC.,US,TX,15068564.438604,439773-1512,"CH2M FACILITY SUPPORT SERVICES,  LLC"
166,1,US431627032,REINSURANCE GROUP OF AMERICA INC.,US,MO,14981559.293542,15000-112,RGA REINSURANCE COMPANY
167,1,US361258310,ILLINOIS TOOL WORKS INC,US,IL,14937190.740655,5807-112,ILLINOIS TOOL WORKS INC.
168,1,CA90001NC,AIR CANADA,CA,QC,14902972.943333,474665-113,AIR CANADA
169,1,US410231510,ECOLAB INC,US,MN,14117399.843358,2721-112,ECOLAB MANUFACTURING INC.
170,1,US430259330,EMERSON ELECTRIC CO,US,MO,13974393.970937,15320-112,"OPEN SYSTEMS INTERNATIONAL, INC."
171,1,JP5010001034768,KIRIN HOLDINGS COMPANY LIMITED,JP,,13820361.561566,396637-112,NEW BELGIUM BREWING COMPANY INC.
172,1,US271341991,IQVIA HOLDINGS INC.,US,NC,13807583.274093,415342-1512,"NOVASYTE, LLC"
173,1,IL90005GE,TEVA PHARMACEUTICAL INDUSTRIES LIMITED,IL,,13753228.326026,352132-112,"BARR LABORATORIES, INC."
174,1,US371490331,"FIDELITY NATIONAL INFORMATION SERVICES, INC.",US,FL,13387389.835156,530570-112,EFUNDS CORPORATION
174,2,US371490331,"FIDELITY NATIONAL INFORMATION SERVICES, INC.",US,FL,13387389.835156,14776-112,FIS PAYMENTS LLC
175,1,US042695240,BOSTON SCIENTIFIC CORP,US,MA,13121994.56292,10917-112,"GUIDANT PUERTO RICO, B.V."
176,1,US050315468,TEXTRON INC,US,RI,13080358.370348,383293-112,BELL TECHNICAL SERVICES INC.
176,2,US050315468,TEXTRON INC,US,RI,13080358.370348,448361-112,BELL TEXTRON INC.
176,3,US050315468,TEXTRON INC,US,RI,13080358.370348,512780-112,TEXTRON AVIATION INC.
176,4,US050315468,TEXTRON INC,US,RI,13080358.370348,5457-112,TEXTRON INC.
177,1,US133398766,ICAHN ENTERPRISES L.P.,US,FL,12862131.910428,9405-112,"PEP BOYS-MANNY, MOE & JACK OF PUERTO RICO, INC."
178,1,US330927079,FLUOR CORP,US,TX,12664945.251354,2132-112,"FLUOR DANIEL CARIBBEAN, INC."
179,1,LR30002MX,ROYAL CARIBBEAN CRUISES LIMITED,LR,,12579179.874978,13754-112,ROYAL CARIBBEAN CRUISES LTD.
180,1,NL33014286,KLM ROYAL DUTCH AIRLINES NV,NL,,12539000.0,15712-112,KONINKLIJKE LUCHTVAART MAATSCHAPPIJ N.V.
180,2,NL33014286,KLM ROYAL DUTCH AIRLINES NV,NL,,12539000.0,11869-112,MARTINAIR HOLLAND N.V
181,1,SE5560094178,AB ELECTROLUX,SE,,12338193.557897,4643-112,ELECTROLUX PUERTO RICO CORPORATION
182,1,US202705720,"EXPEDIA GROUP, INC.",US,WA,11830994.052408,545-1532,"ORBITZ WORLDWIDE, LLC"
183,1,US541163725,AES CORPORATION (THE),US,VA,11626418.894816,402646-1512,"AES ES TAIT, LLC"
184,1,US135123390,GUARDIAN LIFE INSURANCE CO. OF AMERICA,US,NY,11625708.426824,408763-1512,PARK AVENUE SECURITIES LLC
185,1,IN30691FI,HCL TECHNOLOGIES LIMITED,IN,,11597870.245203,522302-1512,BUTLER AMERICA LLC
185,2,IN30691FI,HCL TECHNOLOGIES LIMITED,IN,,11597870.245203,15504-112,HCL AMERICA INC.
185,3,IN30691FI,HCL TECHNOLOGIES LIMITED,IN,,11597870.245203,15504-112,HCL AMERICA INC.
185,4,IN30691FI,HCL TECHNOLOGIES LIMITED,IN,,11597870.245203,440259-112,HCL AMERICA SOLUTIONS  INC.
185,5,IN30691FI,HCL TECHNOLOGIES LIMITED,IN,,11597870.245203,440259-112,HCL AMERICA SOLUTIONS  INC.
186,1,US149092060L,"KPMG, LLP",US,DE,11536664.076309,366517-812,KPMG LLP
187,1,US131026995,S&P GLOBAL INC.,US,NY,11515847.590972,441812-112,"CARFAX, INC."
187,2,US131026995,S&P GLOBAL INC.,US,NY,11515847.590972,8161-112,"MCGRAW-HILL INTERAMERICANA, INC."
188,1,IE604607,AON PUBLIC LIMITED COMPANY,IE,,11499253.417697,523273-112,AON FAC INC.
188,2,IE604607,AON PUBLIC LIMITED COMPANY,IE,,11499253.417697,10782-112,AON SERVICE CORPORATION
188,3,IE604607,AON PUBLIC LIMITED COMPANY,IE,,11499253.417697,465978-1512,"STROZ FRIEDBERG, LLC"
189,1,US131432060,INTERNATIONAL FLAVORS & FRAGRANCES INC,US,NY,11463317.191054,450965-1512,"NUTRITION & BIOSCIENCES USA 2, LLC"
189,2,US131432060,INTERNATIONAL FLAVORS & FRAGRANCES INC,US,NY,11463317.191054,453870-1512,"NUTRITION & BIOSCIENCES USA 3, LLC"
190,1,US410319970,HORMEL FOODS CORP,US,MN,11159243.341017,390272-1512,"HORMEL FOODS SALES, LLC"
191,1,US590739250,RYDER SYSTEM INC,US,FL,11068010.404585,362322-1512,"RYDER RISK SOLUTIONS, LLC"
192,1,US753099507,"CROWN HOLDINGS, INC.",US,PA,11067080.62222,4687-112,"CROWN BEVERAGE PACKAGING PUERTO RICO, INC."
193,1,US060918165,"AVIS BUDGET GROUP, INC.",US,NJ,11065245.016202,343686-112,"ZIPCAR, INC."
194,1,CAFEI1004166,MANULIFE FINANCIAL CORP,CA,ON,10834471.927345,526599-1512,"LONG TERM CARE PARTNERS, L.L.C."
195,1,US231180120,V. F. CORPORATION,US,CO,10700774.014956,345407-112,VF OUTDOOR LLC
196,1,AU122169279,MACQUARIE GROUP LTD,AU,,10288813.158429,346052-112,MACQUARIE CAPTIAL (USA) INC.
197,1,US542049910,"ADVANCE AUTO PARTS, INC.",US,NC,10278945.854596,8118-112,"WESTERN AUTO OF PUERTO RICO, INC."
197,2,US542049910,"ADVANCE AUTO PARTS, INC.",US,NC,10278945.854596,814-1532,"WORLDPAC PUERTO RICO, LLC"
198,1,US521604305,MOHAWK INDUSTRIES INC,US,GA,10260884.670889,347259-112,ELIANE CERAMIC TILE (USA)  INC.
199,1,US131024020,INTERPUBLIC GROUP OF COMPANIES INC,US,NY,10034364.253604,546-112,MCCANN-ERICKSON CORPORATION (SA.)
200,1,US650723837,AMERICAN TOWER CORPORATION,US,MA,9870169.66393,373106-1512,ATC OPERATIONS LLC
200,2,US650723837,AMERICAN TOWER CORPORATION,US,MA,9870169.66393,870-1532,"GTP INFRASTRUCTURE III, LLC"
200,3,US650723837,AMERICAN TOWER CORPORATION,US,MA,9870169.66393,714-1532,"GTP TOWERS I, LLC"
200,4,US650723837,AMERICAN TOWER CORPORATION,US,MA,9870169.66393,404626-1512,IWG-TLA ENCANTO 1 LLC
200,5,US650723837,AMERICAN TOWER CORPORATION,US,MA,9870169.66393,344652-1512,IWG-TLA ENCANTO 3 LLC
200,6,US650723837,AMERICAN TOWER CORPORATION,US,MA,9870169.66393,339835-1512,"TLA PR-2, LLC"
201,1,CA30367NC,CGI INC.,CA,QC,9744039.940408,420730-112,ACCOUNTS RECEIVABLE AUTOMATED SOLUTIONS  INC.
202,1,US130794380,"GRAYBAR ELECTRIC COMPANY, INC.",US,MO,9707327.820057,7732-112,"GRAYBAR INTERNATIONAL, INC."
203,1,US274384691,HILTON WORLDWIDE HOLDINGS INC.,US,VA,9431447.846381,6193-112,HILTON INTERNATIONAL OF PUERTO RICO LLC
204,1,IT00891030272,LUXOTTICA GROUP SPA,IT,,9420912.463049,509-122,ONESIGHT
205,1,JP8010001034740,AJINOMOTO COMPANY INC,JP,,9382750.840557,428073-112,AJINOMOTO CAMBROOKE INC.
206,1,GB11414195,CUSHMAN & WAKEFIELD PLC,GB,,9312291.029854,15326-112,C&W FACILITY SERVICES INC.
207,1,US203717839,LPL FINANCIAL HOLDINGS INC.,US,MA,9263593.10254,1330-1512,LPL FINANCIAL LLC
208,1,US391126612,ASSURANT INC.,US,NY,9222814.451389,11664-112,"SERVICE SAVER, INCORPORATED"
209,1,US361115800,"MOTOROLA SOLUTIONS, INC.",US,IL,9194623.339494,15624-112,"MOTOROLA SOLUTIONS, INC."
210,1,US541701843,OWENS & MINOR INC,US,VA,9173864.957587,493891-112,MEDICAL ACTION INDUSTRIES INC.
210,2,US541701843,OWENS & MINOR INC,US,VA,9173864.957587,493881-112,"OWENS & MINOR DISTRIBUTION, INC."
211,1,US043039129,VERTEX PHARMACEUTICALS INCORPORATED,US,MA,9094352.439296,362241-1512,VERTEX PHARMACEUTICALS (PUERTO RICO) LLC
212,1,US770430924,EBAY INC,US,CA,9025988.0945,413895-112,EBAY COMMERCE INC.
213,1,US380572512,ALLY FINANCIAL INC,US,MI,8933062.602119,14766-112,ALLY FINANCIAL INC
213,2,US380572512,ALLY FINANCIAL INC,US,MI,8933062.602119,632-1532,ALLY US LLC
214,1,BM29407R,ARCH CAPITAL GROUP LTD,BM,,8930435.217801,435194-112,"MCNEIL & COMPANY, INC."
215,1,US980420726,CELANESE CORPORATION,US,TX,8913571.04826,10345-112,"CELANESE MICROCIRCUITS INDUSTRIES, LTD."
216,1,US390520270,OSHKOSH CORPORATION,US,WI,8899640.899581,504697-112,"PIERCE MANUFACTURING, INC."
217,1,US582567903,GLOBAL PAYMENTS INC,US,GA,8896432.275007,14894-112,"PAVILION PAYMENTS CHECK SERVICES, LLC"
217,2,US582567903,GLOBAL PAYMENTS INC,US,GA,8896432.275007,507408-112,"PAVILION PAYMENTS GAMING SERVICES, INC."
218,1,FR379690167,WENDEL-PARTICIPATIONS SE,FR,,8863388.602224,508866-112,CRISIS PREVENTION INSTITUTE INC.
219,1,US870617894,JETBLUE AIRWAYS CORPORATION,US,NY,8860109.022999,12089-112,JETBLUE AIRWAYS CORPORATION
220,1,US310854434,FIFTH THIRD BANCORP,US,OH,8424258.565064,468777-312,"FIFTH THIRD BANK, NATIONAL ASSOCIATION"
221,1,US131166910,PVH CORPORATION,US,NY,8315702.557585,10933-112,"PVH PUERTO RICO, INC."
222,1,IE475616,WILLIS TOWERS WATSON PUBLIC LIMITED COMPANY,IE,,8214150.787727,456200-1512,ANHELO INSURANCE SOLUTIONS LLC
222,2,IE475616,WILLIS TOWERS WATSON PUBLIC LIMITED COMPANY,IE,,8214150.787727,414560-112,WILLIS TOWERS WATSON CAC INC.
222,3,IE475616,WILLIS TOWERS WATSON PUBLIC LIMITED COMPANY,IE,,8214150.787727,420029-112,WILLIS TOWERS WATSON MIDWEST INC.
222,4,IE475616,WILLIS TOWERS WATSON PUBLIC LIMITED COMPANY,IE,,8214150.787727,13235-112,WILLIS TOWERS WATSON NORTHEAST INC.
222,5,IE475616,WILLIS TOWERS WATSON PUBLIC LIMITED COMPANY,IE,,8214150.787727,436940-112,WILLIS TOWERS WATSON SOUTHEAST INC.
222,6,IE475616,WILLIS TOWERS WATSON PUBLIC LIMITED COMPANY,IE,,8214150.787727,331094-1512,WILLIS TOWERS WATSON US LLC
223,1,IE111471,KERRY GROUP PLC,IE,,8166628.680333,354862-112,KERRY BIOFUNCTIONAL INGREDIENTS INC.
224,1,CA31283NC,TFI INTERNATIONAL INC.,CA,QC,8120606.756972,13701-112,"TFORCE FREIGHT, INC."
225,1,US133513936,FOOT LOCKER INC.,US,NY,8071316.312254,488801-112,"EUROSTAR,  INC."
226,1,US800895227,"BURLINGTON STORES, INC.",US,NJ,8019356.314005,14084-112,BURLINGTON COAT FACTORY WAREHOUSE CORPORATION
227,1,US132646102,LOEWS CORP.,US,NY,8016038.953733,485-122,CNA CORPORATION
228,1,US942203880,WILLIAMS SONOMA INC,US,CA,7993381.38307,14085-112,"WILLIAMS-SONOMA STORES, INC."
229,1,US592663954,ODP CORPORATION,US,DE,7824359.757754,486682-1512,"ODP BUSINESS SOLUTIONS,  LLC"
229,2,US592663954,ODP CORPORATION,US,DE,7824359.757754,485853-1512,"VEYER, LLC"
230,1,US431878297,MONSANTO CO,US,MO,7560535.900649,261-1532,"MONSANTO CARIBE, LLC"
231,1,US223514823,INGREDION INCORPORATED,US,IL,7519347.555504,10879-112,CORN PRODUCTS PUERTO RICO INC.
232,1,US363514169,NEWELL BRANDS INC.,US,GA,7494463.298907,8465-112,"JOSTENS, INC."
233,1,US941369354,ABM INDUSTRIES INC,US,NY,7460746.478436,12905-112,NATIONAL BUILDING MAINTENANCE CORP.
234,1,US132670991,"FRANKLIN RESOURCES, INC.",US,CA,7425722.986613,311379-1532,"BRANDYWINE GLOBAL INVESTMENT MANAGEMENT, LLC"
235,1,US954376145,SKECHERS USA INC,US,CA,7372223.180304,11959-112,"SKECHERS U.S.A., INC."
235,2,US954376145,SKECHERS USA INC,US,CA,7372223.180304,458205-1512,"SKECHERS USA RETAIL, LLC"
236,1,US310387920,NCR VOYIX CORP,US,GA,7228155.752596,14580-112,"CARDTRONICS USA, INC."
237,1,US461932921,SCIENCE APPLICATIONS INTERNATIONAL CORP,US,VA,7111601.122524,373823-112,SCIENCE APPLICATIONS INTERNATIONAL CORPORATION
238,1,JP5011001005222,OLYMPUS CORPORATION,JP,,7023309.677248,497042-112,EVIDENT SCIENTIFIC INC.
238,2,JP5011001005222,OLYMPUS CORPORATION,JP,,7023309.677248,14022-112,"OLYMPUS LATIN AMERICA, INC."
239,1,US146891345L,RELIASTAR FINANCIAL CORP,US,OH,6925430.501659,455889-112,"CNA WARRANTY SERVICES, INC."
240,1,US261911571,FIRST AMERICAN FINANCIAL CORPORATION,US,CA,6922644.103327,11557-412,FIRST AMERICAN TITLE INSURANCE COMPANY
240,2,US261911571,FIRST AMERICAN FINANCIAL CORPORATION,US,CA,6922644.103327,405101-1512,"SERVICEMAC,  LLC"
241,1,US208875684,BLACKSTONE INC,US,NY,6917601.99216,14015-1512,"TRADESMEN INTERNATIONAL, LLC"
242,1,CA33410NC,CANADIAN SOLAR INC.,CA,ON,6882239.392397,452699-112,CANADIAN SOLAR (USA) INC.
243,1,US134151777,"ZIMMER BIOMET HOLDINGS, INC.",US,IN,6813667.620435,440709-1512,JACE MEDICAL LLC
243,2,US134151777,"ZIMMER BIOMET HOLDINGS, INC.",US,IN,6813667.620435,13583-112,ZIMMER MANUFACTURING  B.V.
244,1,US310595760,CLOROX CO,US,CA,6808886.567091,11105-112,CLOROX COMMERCIAL COMPANY
245,1,US452080495,XYLEM INC.,US,NY,6785848.421486,325914-1512,EVOQUA WATER TECHNOLOGIES LLC
246,1,US410948415,FASTENAL COMPANY,US,MN,6769908.505376,10280-112,FASTENAL COMPANY
247,1,US202480422,"WORKDAY, INC.",US,CA,6698350.822613,352748-112,"WORKDAY, INC."
248,1,US020642224,RPM INTERNATIONAL INC.,US,OH,6686711.321311,530480-112,TREMCO CPG INC.
249,1,CA5-62040066I,NEW ONCAN CANADIAN HOLDINGS LTD.,CA,,6680796.283647,497101-1512,"ENERTECH RESOURCES, LLC"
249,2,CA5-62040066I,NEW ONCAN CANADIAN HOLDINGS LTD.,CA,,6680796.283647,15443-112,WESTJET AIRLINES LTD.
250,1,US271605762,CONCENTRIX CORPORATION,US,CA,6556128.22592,15586-112,ILLUMIFIN CORPORATION
251,1,DE8270229075,SCHWENK DONAU GMBH & CO. KG,DE,,6545532.392911,668-1532,"WIELAND METAL SERVICES CARIBE, LLC"
252,1,US522242751,TAPESTRY INC,US,NY,6435448.990652,10962-112,"COACH STORES PUERTO RICO, INC"
252,2,US522242751,TAPESTRY INC,US,NY,6435448.990652,339244-1512,"KATE SPADE PUERTO RICO, LLC"
252,3,US522242751,TAPESTRY INC,US,NY,6435448.990652,402838-112,"TAPESTRY, INC."
253,1,US208050955,ANYWHERE REAL ESTATE INC,US,NJ,6365650.375104,418071-1512,SECURED LAND TRANSFERS  LLC
254,1,US833933743,XEROX HOLDINGS CORPORATION,US,CT,6345370.24597,1698-112,XEROX CORPORATION
255,1,KR1101110003543,LG CORP.,KR,,6299313.256644,3814-112,"AVON PRODUCTS, INC."
255,2,KR1101110003543,LG CORP.,KR,,6299313.256644,5539-112,"AVON-LOMALINDA, INC."
255,3,KR1101110003543,LG CORP.,KR,,6299313.256644,368479-112,THE AVON COMPANY
256,1,US770518772,AGILENT TECHNOLOGIES INC,US,CA,6296530.409356,11042-112,"AGILENT TECHNOLOGIES INTER-AMERICAS, INC"
257,1,US301767104L,TORRID INC,US,,6246755.630038,353603-1512,TORRID LLC
258,1,CA32520NC,CONSTELLATION SOFTWARE INC.,CA,ON,6102096.237819,12769-112,"APPLICATION ORIENTED DESIGNS, INC."
258,2,CA32520NC,CONSTELLATION SOFTWARE INC.,CA,ON,6102096.237819,13110-112,N. HARRIS COMPUTER CORPORATION
259,1,GBJE93905,EXPERIAN PLC,GB,,6099339.142837,437013-112,"CONSUMERINFO.COM, INC."
260,1,US133180631,"AMERIPRISE FINANCIAL, INC.",US,MN,6034474.781576,14562-112,AMERICAN ENTERPRISE INVESTMENT SERVICES INC.
260,2,US133180631,"AMERIPRISE FINANCIAL, INC.",US,MN,6034474.781576,14468-112,RIVERSOURCE LIFE INSURANCE COMPANY
261,1,US*B000039099,CD&R (UK) LLC,US,,5971460.801855,355587-112,AMERICAN GREETINGS CORPORATION
262,1,GBSC036219,JOHN WOOD GROUP PLC,GB,,5819474.650878,410403-112,"ETHOSENERGY TC, INC."
263,1,US471809393,MONSTER BEVERAGE CORPORATION,US,CA,5815557.40129,15587-112,MONSTER ENERGY COMPANY
264,1,US510263969,"ROPER TECHNOLOGIES, INC.",US,FL,5692771.76122,421341-112,"DELTEK, INC."
264,2,US510263969,"ROPER TECHNOLOGIES, INC.",US,FL,5692771.76122,11196-112,"TRANSCORE ATLANTIC, LLC"
265,1,US*4000000225888,"ALERA GROUP ULTIMATE HOLDINGS, LLC",US,,5603209.115685,447074-112,"ALERA GROUP,  INC."
265,2,US*4000000225888,"ALERA GROUP ULTIMATE HOLDINGS, LLC",US,,5603209.115685,425203-1512,"RISK CONSULTING PARTNERS,  LLC"
266,1,JP2010601007861,FUJIKURA LTD,JP,,5567405.03056,168-1532,AFL TELECOMMUNICATIONS LLC
267,1,SE5561904771,HEXAGON AB,SE,,5534371.770603,7388-112,INTERGRAPH CORPORATION
268,1,US043099750,GARTNER INC,US,CT,5443198.823102,12831-112,"GARTNER, INC."
269,1,US201480589,HYATT HOTELS CORPORATION,US,IL,5428486.60674,6985-112,"HYATT HOTELS OF PUERTO RICO, INC."
270,1,TW35412204,WALSIN LIHWA CORPORATION,TW,,5413484.121353,486373-1512,"BORREGO ENERGY, LLC"
271,1,US391382325,HARLEY DAVIDSON INC,US,WI,5378244.816814,364113-112,HARLEY-DAVIDSON CREDIT CORP.
272,1,US*110347669473,MIDOCEANMANAGER HOLDINGS LP,US,,5323145.029217,417655-112,JONES/COVEY GROUP  INCORPORATED
273,1,US131197635L,AMERICAN ASSOCIATION OF RETIRED PERSONS (FN),US,DC,5217516.0979,301-122,AARP
274,1,VG40062ZG,CAPRI HOLDINGS LIMITED,VG,,5177843.451338,345931-112,"J. CHOO USA, INC."
275,1,JP1180001035811,"KOWA COMPANY, LTD.",JP,,5130714.635434,14858-112,"KOWA PHARMACEUTICALS AMERICA, INC."
276,1,DE5050680511,GEA GROUP AG,DE,,5076184.696612,465153-112,"GEA MECHANICAL EQUIPMENT US,  INC."
277,1,US381510762,KELLY SERVICES INC,US,MI,5068614.237162,1990-112,"KELLY SERVICES, INC."
278,1,US464254555,"KEYSIGHT TECHNOLOGIES, INC.",US,CA,5035019.941584,15766-112,"KEYSIGHT TECHNOLOGIES WORLD TRADE, INC."
279,1,US953232481,PARSONS CORPORATION,US,VA,5015437.748192,328134-112,WILLIAMS ELECTRIC CO  INC.
280,1,US060397030,HUBBELL INC,US,CT,4951072.112608,13521-112,HUBBELL CARIBE LIMITED
281,1,US381747023,"SPIRIT AIRLINES, INC.",US,FL,4941533.688186,11916-112,"SPIRIT AIRLINES, INC."
282,1,US390230590,CMFG LIFE INSURANCE CO.,US,WI,4933444.213013,495-412,CMFG LIFE INSURANCE COMPANY
282,2,US390230590,CMFG LIFE INSURANCE CO.,US,WI,4933444.213013,1-412,"CUMIS INSURANCE SOCIETY, INC"
282,3,US390230590,CMFG LIFE INSURANCE CO.,US,WI,4933444.213013,493-412,"CUMIS INSURANCE SOCIETY, INC"
282,4,US390230590,CMFG LIFE INSURANCE CO.,US,WI,4933444.213013,493-412,"CUMIS INSURANCE SOCIETY, INC"
282,5,US390230590,CMFG LIFE INSURANCE CO.,US,WI,4933444.213013,1-412,"CUMIS INSURANCE SOCIETY, INC"
283,1,GBIM004685V,ENTAIN PLC,GB,,4778375.957896,478911-1512,"STADIUM TECHNOLOGY GROUP, LLC"
284,1,LULB8916,CARGOLUX AIRLINES INTERNATIONAL S.A.,LU,,4770818.0,15785-112,CARGOLUX AIRLINES INTERNATIONAL S.A.
285,1,US042997780,CLEAN HARBORS INC,US,MA,4760972.625161,4032-112,"SAFETY-KLEEN ENVIROSYSTEMS COMPANY OF PUERTO RICO, INC."
286,1,JP1010801001748,EBARA CORPORATION,JP,,4729845.925871,15364-112,ELLIOT TURBOMACHINERY CO. INC.
287,1,US133138625L,"VALLEN DISTRIBUTION, INC.",US,DE,4648417.756224,15633-112,"VALLEN DISTRIBUTION, INC."
288,1,IE595593,STERIS PLC,IE,,4568594.295504,341762-1512,"HU-FRIEDY MFG. CO., LLC"
288,2,IE595593,STERIS PLC,IE,,4568594.295504,10982-112,STERIS CORPORATION
289,1,US331022198,"TEMPUR SEALY INTERNATIONAL, INC.",US,KY,4538698.981918,1243-112,SEALY MATTRESS COMPANY OF PUERTO RICO
290,1,US953359658,"TRINET GROUP, INC.",US,CA,4535566.840927,412538-112,"TRINET HR I,  INC."
290,2,US953359658,"TRINET GROUP, INC.",US,CA,4535566.840927,413059-112,"TRINET HR III, INC."
290,3,US953359658,"TRINET GROUP, INC.",US,CA,4535566.840927,413059-112,"TRINET HR III, INC."
290,4,US953359658,"TRINET GROUP, INC.",US,CA,4535566.840927,340182-112,"TRINET HR III-A, INC."
290,5,US953359658,"TRINET GROUP, INC.",US,CA,4535566.840927,340182-112,"TRINET HR III-A, INC."
290,6,US953359658,"TRINET GROUP, INC.",US,CA,4535566.840927,412514-112,"TRINET HR III-B, INC."
290,7,US953359658,"TRINET GROUP, INC.",US,CA,4535566.840927,412540-112,"TRINET HR XI, INC."
290,8,US953359658,"TRINET GROUP, INC.",US,CA,4535566.840927,412895-112,"TRINET USA, INC."
291,1,GBGG19528,AMDOCS LIMITED,GB,,4503825.692796,511088-112,"VUBIQUITY, INC."
292,1,BM52714R,LIBERTY LATIN AMERICA LIMITED,BM,,4437062.803671,417311-113,LCPR CAYMAN HOLDING  INC.
293,1,ESA84236934,"AMADEUS IT GROUP, S.A.",ES,,4409012.310992,12506-112,"AMADEUS AIRPORT IT AMERICAS, INC."
294,1,IT02324900030,B&D HOLDING S.P.A.,IT,,4372357.04651,10553-112,IGT
294,2,IT02324900030,B&D HOLDING S.P.A.,IT,,4372357.04651,12904-1512,IGT GLOBAL SERVICES LIMITED
295,1,ESB78510492,GUBEL SL,ES,,4362102.993759,525774-1512,CIPHER SECURITY LLC
295,2,ESB78510492,GUBEL SL,ES,,4362102.993759,441385-112,PROSEGUR TECHNOLOGY INTERNATIONAL INC.
296,1,CA*H00089252167,1281228 ONTARIO INC,CA,,4323404.1432,9481-112,"CCL PUERTO RICO, INC."
297,1,US452598330,MARRIOTT VACATIONS WORLDWIDE CORPORATION,US,FL,4290455.383781,10774-112,HV GLOBAL MANAGEMENT CORPORATION
298,1,US205654756,GENERAC HOLDINGS INC.,US,WI,4206354.771935,460590-1512,"SUNNOVA TEP V-A,  LLC"
298,2,US205654756,GENERAC HOLDINGS INC.,US,WI,4206354.771935,460590-1512,"SUNNOVA TEP V-A,  LLC"
298,3,US205654756,GENERAC HOLDINGS INC.,US,WI,4206354.771935,460599-1512,"SUNNOVA TEP V-B, LLC"
298,4,US205654756,GENERAC HOLDINGS INC.,US,WI,4206354.771935,460599-1512,"SUNNOVA TEP V-B, LLC"
299,1,US940479804,FMC CORP,US,PA,4134535.76501,10344-112,"FMC AGRICULTURAL CARIBE INDUSTRIES, LTD."
300,1,CA31358NC,OPEN TEXT CORPORATION,CA,ON,4132855.890627,500092-112,ATTACHMATE CORPORATION
300,2,CA31358NC,OPEN TEXT CORPORATION,CA,ON,4132855.890627,389846-1513,MICRO FOCUS HOLDING PR B.V. LLC
301,1,GB05393279,RENTOKIL INITIAL PLC,GB,,4130161.456895,356188-112,"RENTOKIL NORTH AMERICA, INC."
301,2,GB05393279,RENTOKIL INITIAL PLC,GB,,4130161.456895,6767-112,"RENTOKIL OF PUERTO RICO, INC."
302,1,NL50338269,GRANDVISION B.V.,NL,,4126223.934549,5590-112,"INSIGHT OPTICAL MANUFACTURING COMPANY OF FLORIDA, INC."
303,1,US470351813,VALMONT INDUSTRIES INC,US,NE,4073928.450027,12367-112,"VALMONT INDUSTRIES, INC."
304,1,US800873306,GENWORTH FINANCIAL INC,US,VA,4034278.134254,15066-112,CAPITAL BROKERAGE CORPORATION
305,1,US843727412,IAC INC.,US,NY,4022514.682578,418404-1512,SYNAPSE SERVICES LLC
305,2,US843727412,IAC INC.,US,NY,4022514.682578,311638-1532,"TPR EDUCATION, LLC"
306,1,US204531180,WESTERN UNION CO. (THE),US,CO,4014926.220954,415042-1512,"WESTERN UNION INTERNATIONAL SERVICES, LLC"
307,1,US630860407,ENCOMPASS HEALTH CORPORATION,US,AL,4007183.870673,15660-112,"ENCOMPASS HEALTH REHABILITATION HOSPITAL OF SAN JUAN, INC."
308,1,US340183970,"DIEBOLD NIXDORF, INC",US,OH,3998775.277567,2430-112,DIEBOLD NIXDORF INCORPORATED
309,1,CA40844NC,COLLIERS INTERNATIONAL GROUP INC.,CA,ON,3994783.025081,532449-112,"COLLIERS ENGINEERING & DESIGN, INC."
309,2,CA40844NC,COLLIERS INTERNATIONAL GROUP INC.,CA,ON,3994783.025081,430131-1512,COLLIERS MORTGAGE LLC
310,1,US450491516,UPBOUND GROUP INC,US,TX,3912081.325632,527247-1512,"ACIMA DIGITAL, LLC"
311,1,US371054834L,"WOLF PEN BRANCH, LP",US,DE,3896056.540388,464-1532,"BROWN-FORMAN-WORLDWIDE, L.L.C."
312,1,US149171493L,"GODADDY.COM, LLC",US,AZ,3849772.027925,381354-1512,"GODADDY.COM, LLC"
313,1,AU002818368,ARISTOCRAT LEISURE LIMITED,AU,,3746557.948872,13693-112,AI(PUERTO RICO)PTY LTD
314,1,US*B000097055,KARMAN TOPCO LP,US,,3731794.958467,855-1532,ADVANTAGE SALES & MARKETING LLC
315,1,US042902449,HOLOGIC INC,US,MA,3713971.703211,490481-1512,HOLOGIC SALES AND SERVICE LLC
316,1,DE8170797738,MUTARES SE & CO. KGAA,DE,,3687396.514364,13167-112,"EFACEC ENERGIA, MAQUINAS E EQUIPAMENTOS ELECTRICOS SA"
317,1,US391434669,DENTSPLY SIRONA INC.,US,NC,3614076.309767,1-1533,DS REP B.V. LLC
318,1,GB00137013,SMITHS GROUP PLC,GB,,3600487.757048,5410-112,"JOHN CRANE CARIBE, LTD."
319,1,US454168768,TOAST INC,US,MA,3561555.769781,465011-112,"TOAST, INC."
320,1,US954148514,TETRA TECH INC,US,CA,3540769.134806,11847-112,"TETRA TECH, INC."
321,1,US942802192,TRIMBLE INC.,US,CA,3500458.286959,506924-112,E-BUILDER INC.
322,1,US061500476,"AMN HEALTHCARE SERVICES, INC.",US,CA,3491756.666666,466296-112,"AMN HEALTHCARE LANGUAGE SERVICES, INC."
323,1,US943136539,INCYTE CORPORATION,US,DE,3405500.231388,15721-112,INCYTE CORPORATION
324,1,US453449660,RITHM CAPITAL CORP,US,NY,3402072.108141,501553-1512,DGG RE INVESTMENTS LLC
325,1,US245084450L,"GUIDEWELL, INC.",US,FL,3378740.836897,424195-1512,"MAGELLAN RX MANAGEMENT, LLC"
326,1,US440607856,"H&R BLOCK, INC.",US,MO,3334235.533825,3360-112,"H & R BLOCK, INC."
327,1,US590864469,BROWN & BROWN INC,US,FL,3292851.799269,442004-1512,"BEECHER CARLSON INSURANCE SERVICES, LLC"
327,2,US590864469,BROWN & BROWN INC,US,FL,3292851.799269,504442-112,"BROWN & BROWN INSURANCE OF NEVADA, INC."
327,3,US590864469,BROWN & BROWN INC,US,FL,3292851.799269,14257-112,"BROWN & BROWN OF GARDEN CITY, INC"
327,4,US590864469,BROWN & BROWN INC,US,FL,3292851.799269,418679-112,"HAYS COMPANIES, INC."
328,1,US311414921,SCOTTS MIRACLE-GRO COMPANY (THE),US,OH,3272483.760088,14955-112,SCOTTS PROFESSIONAL PRODUCTS CO.
329,1,CN9361527733,"ZHUHAI HENGXIN FENGYE TECHNOLOGY CO., LTD.",CN,,3261872.146535,11957-112,"LEXMARK INTERNATIONAL, INC."
330,1,FR419838529,IPSEN,FR,,3184566.340951,15002-112,"IPSEN BIOPHARMACEUTICALS, INC"
331,1,US521261113,FTI CONSULTING INC,US,DC,3157683.650743,326124-112,"FTI CONSULTING, INC."
332,1,US330580106,REALTY INCOME CORP,US,CA,3081164.221252,1006-1532,"ARC AZSNJPR001, LLC"
332,2,US330580106,REALTY INCOME CORP,US,CA,3081164.221252,332352-1512,"ARC WGABOPR001,  LLC"
332,3,US330580106,REALTY INCOME CORP,US,CA,3081164.221252,332354-1512,"ARC WGLPSPR001,  LLC"
333,1,US132186431L,ESTES EXPRESS LINES CORPORATION,US,VA,3078731.649977,13380-112,ESTES EXPRESS LINES CORP.
334,1,US741339132,"SPECTRUM BRANDS HOLDINGS, INC.",US,WI,3025235.86635,15493-112,"SPECTRUM BRANDS, INC."
335,1,CA30358NC,STANTEC INC,CA,AB,3019380.044853,467446-812,STANTEC CONSULTING PUERTO RICO  LLP
336,1,US060495050,PITNEY BOWES INC,US,CT,3009904.097383,371258-112,PB WORLDWIDE INC.
337,1,IT04579370232,DE LA COSTA S.R.L.,IT,,2994888.987598,525768-112,CALZEDONIA USA INC.
338,1,US851144904,WEWORK INC,US,NY,2990231.413775,499308-1512,CONDUCTOR LLC
339,1,NL73422134,FERROVIAL SE,NL,,2929638.722608,11161-112,FERROVIAL CONSTRUCCIÓN S.A.
340,1,US852096734,HILLMAN SOLUTIONS CORP.,US,OH,2922227.64761,324663-1512,"INFOR (US), LLC"
341,1,AU005485825,COMPUTERSHARE LIMITED,AU,,2918105.827471,328320-112,"LENDERLIVE NETWORK, LLC"
341,2,AU005485825,COMPUTERSHARE LIMITED,AU,,2918105.827471,403991-1512,SPECIALIZED LOAN SERVICING LLC
342,1,US205338862,"SOLAREDGE TECHNOLOGIES, INC.",US,DE,2916070.215896,489368-112,"SOLAREDGE TECHNOLOGIES, INC."
343,1,US139313974L,ALTICOR GLOBAL HOLDINGS INC.,US,MI,2906786.025786,415990-112,AMWAY CORP.
344,1,US464707224,"COINBASE GLOBAL, INC.",US,DE,2864340.632341,338434-112,"COINBASE, INC."
345,1,US660667416,"POPULAR, INC",US,TX,2861222.497983,401011-1512,"PCC SUB-CDE I, LLC"
345,2,US660667416,"POPULAR, INC",US,TX,2861222.497983,401012-1512,"PCC SUB-CDE II, LLC"
345,3,US660667416,"POPULAR, INC",US,TX,2861222.497983,401014-1512,"PCC SUB-CDE III, LLC"
345,4,US660667416,"POPULAR, INC",US,TX,2861222.497983,401018-1512,"PCC SUB-CDE IV, LLC"
345,5,US660667416,"POPULAR, INC",US,TX,2861222.497983,401020-1512,"PCC SUB-CDE V, LLC"
345,6,US660667416,"POPULAR, INC",US,TX,2861222.497983,400854-1512,"PCC SUB-CDE VII, LLC"
345,7,US660667416,"POPULAR, INC",US,TX,2861222.497983,463510-1512,"POPULAR CENTER HOLDINGS, LLC"
345,8,US660667416,"POPULAR, INC",US,TX,2861222.497983,367416-1512,"POPULAR COMMUNITY CAPITAL, LLC"
345,9,US660667416,"POPULAR, INC",US,TX,2861222.497983,509471-1512,"POPULAR EQUIPMENT FINANCE, LLC"
345,10,US660667416,"POPULAR, INC",US,TX,2861222.497983,478110-1512,POPULAR IMPACT FUND LLC
345,11,US660667416,"POPULAR, INC",US,TX,2861222.497983,360764-1512,PR RENT-TO-OWN LLC
346,1,IE607465,CIMPRESS PLC,IE,,2837841.097739,485340-113,VISTAPRINT NETHERLANDS B.V.
347,1,US327177428L,ARES PARTNERS HOLDCO LLC,US,CA,2815558.112341,519988-1512,IMAGING BUSINESS MACHINES LIMITED LIABILITY COMPANY
348,1,KY41315WB,CHINA FEIHE LIMITED,KY,,2811018.673403,403381-112,VITAMIN WORLD USA CORPORATION
349,1,US246015302L,VOLKERT INC,US,,2800198.365682,400743-112,"VOLKERT, INC."
350,1,US360781620,BAXTER INTERNATIONAL INC.,US,IL,2781700.211909,13678-112,BAXTER HEALTHCARE  SA
351,1,IN30131FI,DR REDDY'S LABORATORIES LIMITED,IN,,2764984.494239,510475-112,"DR. REDDY'S LABORATORIES, INC."
352,1,US823677704,ADAPTHEALTH CORP.,US,PA,2737372.722456,458053-1512,VERUS HEALTHCARE  LLC
353,1,US382730780,"SUN COMMUNITIES, INC.",US,MI,2736547.713386,473507-1512,"BEVERAGE PUERTO DEL REY, LLC"
353,2,US382730780,"SUN COMMUNITIES, INC.",US,MI,2736547.713386,327399-1512,MARINA PDR HOSPITALITY LLC
353,3,US382730780,"SUN COMMUNITIES, INC.",US,MI,2736547.713386,329948-1512,MARINA PDR OPERATIONS LLC
353,4,US382730780,"SUN COMMUNITIES, INC.",US,MI,2736547.713386,476434-1512,"SHM PUERTO DEL REY TRS, LLC"
353,5,US382730780,"SUN COMMUNITIES, INC.",US,MI,2736547.713386,480709-1512,"SHM PUERTO DEL REY, LLC"
354,1,DK21855545,LUNDBECKFOND INVEST A/S,DK,,2720461.649126,477429-112,"ALK-ABELLO, INC."
355,1,BM38877R,HISCOX LTD,BM,,2717655.807378,364083-112,HISCOX INSURANCE SERVICES INC.
356,1,US383910250,"GANNETT CO., INC.",US,VA,2714066.054967,341321-1512,"CARS.COM, LLC"
357,1,US348959429L,"VERTEX HOLDCO, INC.",US,DE,2663897.431266,650-1532,VERTEX AEROSPACE LLC
358,1,US930341923,RADIUS RECYCLING INC,US,OR,2655937.240994,520-122,"RECYCLING FOR A BETTER TOMORROW, A SCHNITZER STEEL INDUSTRIES CHARITABLE FOUNDATION CORPORATION"
359,1,US941381833,BIO RAD LABORATORIES INC,US,CA,2627273.902574,12103-112,"BIO-RAD LABORATORIES, INC."
360,1,US261342272,"HILLENBRAND, INC.",US,IN,2604129.65702,14303-112,"BATESVILLE CASKET COMPANY, INC"
361,1,GB*Z00609819,AURORA ACQUISITION CORPORATION,GB,,2576334.78538,454844-112,"BETTER HOLDCO, INC."
362,1,JP7021001020895,"AMADA CO., LTD.",JP,,2524548.303504,409240-112,AMADA CAPITAL CORPORATION
363,1,US741677330,STEWART INFORMATION SERVICES CORP,US,TX,2499537.618621,307533-112,"HOME RETENTION SERVICES, INC."
363,2,US741677330,STEWART INFORMATION SERVICES CORP,US,TX,2499537.618621,151-412,STEWART TITLE GUARANTY COMPANY
364,1,DE2150637488,KOERBER AG,DE,,2494941.323815,14821-112,KORBER PHARMA SOFTWARE INC.
365,1,USFEB11898,"CANTOR FITZGERALD, L P",US,NY,2493114.748389,507821-1512,BERKELEY POINT CAPITAL LLC
366,1,US149092141L,GRANT THORNTON FOUNDATION,US,IL,2479636.896219,418833-812,GRANT THORNTON LLP
367,1,US131211611L,THE UNIVERSITY OF MIAMI,US,FL,2473280.766624,498-122,UNIVERSITY OF MIAMI
368,1,AT9111373766,JFG PRIVATSTIFTUNG,AT,,2465013.942413,1520-1532,NOVOMATIC AMERICAS SALES LLC
369,1,US356315321L,AIC PARENT INC,US,DE,2460532.188684,15087-112,"CCC INFORMATION SERVICES, INC."
370,1,SE5568828908,SINCH AB,SE,,2449869.639874,621-1532,"NEUTRAL TANDEM-PUERTO RICO, LLC"
371,1,US363601505,BELDEN INC.,US,MO,2443733.59325,14834-112,BELDEN INC.
372,1,KY30346FH,DAPHNE INTERNATIONAL HOLDINGS LIMITED,KY,,2436478.920706,10544-112,"CHICO'S FAS, INC."
373,1,US149204549L,SAS INSTITUTE INC,US,NC,2391713.129514,10845-112,SAS INSTITUTE INC.
374,1,US010526993,WEX INC.,US,ME,2347954.803364,398993-113,OPTAL FINANCIAL LIMITED
374,2,US010526993,WEX INC.,US,ME,2347954.803364,15668-112,WEX PAYMENTS INC.
375,1,US810422894,LIGHT & WONDER INC,US,NV,2314778.620469,348907-112,"LNW GAMING, INC."
376,1,US362058176,PARK HOTELS & RESORTS INC.,US,VA,2304646.20426,378565-1512,PUERTO RICO CARIBE LESSEE LLC
377,1,US261119726,AVAYA HOLDINGS CORP.,US,CA,2294505.310353,441105-112,AVAYA CLOUD INC.
378,1,US841291044,"TTEC HOLDINGS, INC.",US,CO,2251847.190309,484515-112,TTEC SERVICES  CORPORATION
379,1,JP4180001069484,HOSHIZAKI CORPORATION,JP,,2232261.863855,460201-112,LANCER CORPORATION
380,1,US911011792,ITRON INC,US,WA,2227586.190032,13612-112,"ITRON, INC."
381,1,US336178943L,"AMWINS GLOBAL RISKS INTERNATIONAL, INC.",US,FL,2221630.000628,467537-112,"AMWINS GLOBAL RISKS INTERNATIONAL, INC."
382,1,US620211340,GENESCO INC,US,TN,2197649.448259,3068-112,"FLAGG BROS. OF PUERTO RICO, INC."
383,1,US204645388,"ENPHASE ENERGY, INC.",US,CA,2185312.31794,498459-112,"ENPHASE ENERGY, INC."
383,2,US204645388,"ENPHASE ENERGY, INC.",US,CA,2185312.31794,475961-1512,"ENPHASE SERVICE COMPANY, LLC"
384,1,CN42494PC,"MLS CO.,LTD.",CN,,2178647.147873,371681-1512,LEDVANCE LLC
385,1,US262841711,SUNRUN INC.,US,CA,2176470.198566,476818-1512," SUNRUN JUNO OWNER 2022, LLC"
385,2,US262841711,SUNRUN INC.,US,CA,2176470.198566,476571-1512," SUNRUN JUPITER HOLDCO 2022-1, LLC"
385,3,US262841711,SUNRUN INC.,US,CA,2176470.198566,476586-1512," SUNRUN JUPITER HOLDINGS 2022-1, LLC"
385,4,US262841711,SUNRUN INC.,US,CA,2176470.198566,469692-1512,"SUNRUN CALYPSO MANAGER 2021, LLC"
385,5,US262841711,SUNRUN INC.,US,CA,2176470.198566,419214-1512,"SUNRUN CYGNUS MANAGER 2018,  LLC"
385,6,US262841711,SUNRUN INC.,US,CA,2176470.198566,419215-1512,"SUNRUN CYGNUS OWNER 2018,  LLC"
385,7,US262841711,SUNRUN INC.,US,CA,2176470.198566,471756-1512,"SUNRUN CYGNUS OWNER 2019, LLC"
385,8,US262841711,SUNRUN INC.,US,CA,2176470.198566,469012-1512,"SUNRUN DEMETER DEPOSITOR 2021-2, LLC"
385,9,US262841711,SUNRUN INC.,US,CA,2176470.198566,469153-1512,"SUNRUN DEMETER HOLDCO 2021-2, LLC"
385,10,US262841711,SUNRUN INC.,US,CA,2176470.198566,469017-1512,"SUNRUN DEMETER INVESTOR 2021-2, LLC"
385,11,US262841711,SUNRUN INC.,US,CA,2176470.198566,469074-1512,"SUNRUN DEMETER ISSUER 2021-2, LLC"
385,12,US262841711,SUNRUN INC.,US,CA,2176470.198566,469128-1512,"SUNRUN DEMETER MANAGER 2021-2, LLC"
385,13,US262841711,SUNRUN INC.,US,CA,2176470.198566,469418-1512,"SUNRUN DEMETER OWNER 2021-2, LLC"
385,14,US262841711,SUNRUN INC.,US,CA,2176470.198566,471562-1512,"SUNRUN DEMETER PLEDGOR 2021-2,  LLC"
385,15,US262841711,SUNRUN INC.,US,CA,2176470.198566,407207-112,SUNRUN INC.
385,16,US262841711,SUNRUN INC.,US,CA,2176470.198566,459445-1512,"SUNRUN JUNO MANAGER 2021,  LLC"
385,17,US262841711,SUNRUN INC.,US,CA,2176470.198566,476811-1512,"SUNRUN JUNO MANAGER 2022, LLC"
385,18,US262841711,SUNRUN INC.,US,CA,2176470.198566,504602-1512,"SUNRUN JUNO MANAGER 2023, LLC"
385,19,US262841711,SUNRUN INC.,US,CA,2176470.198566,510480-1512,"SUNRUN JUNO MANAGER 2023-B, LLC"
385,20,US262841711,SUNRUN INC.,US,CA,2176470.198566,471763-1512,"SUNRUN JUNO OWNER 2019, LLC"
385,21,US262841711,SUNRUN INC.,US,CA,2176470.198566,459439-1512,"SUNRUN JUNO OWNER 2021, LLC"
385,22,US262841711,SUNRUN INC.,US,CA,2176470.198566,459439-1512,"SUNRUN JUNO OWNER 2021, LLC"
385,23,US262841711,SUNRUN INC.,US,CA,2176470.198566,504598-1512,"SUNRUN JUNO OWNER 2023, LLC"
385,24,US262841711,SUNRUN INC.,US,CA,2176470.198566,510195-1512,"SUNRUN JUNO OWNER 2023-B, LLC"
385,25,US262841711,SUNRUN INC.,US,CA,2176470.198566,510195-1512,"SUNRUN JUNO OWNER 2023-B, LLC"
385,26,US262841711,SUNRUN INC.,US,CA,2176470.198566,476567-1512,"SUNRUN JUPITER DEPOSITOR 2022-1, LLC"
385,27,US262841711,SUNRUN INC.,US,CA,2176470.198566,476644-1512,"SUNRUN JUPITER INVESTOR 2022-1, LLC"
385,28,US262841711,SUNRUN INC.,US,CA,2176470.198566,476722-1512,"SUNRUN JUPITER ISSUER 2022-1, LLC"
385,29,US262841711,SUNRUN INC.,US,CA,2176470.198566,476743-1512,"SUNRUN JUPITER MANAGER 2022-1, LLC"
385,30,US262841711,SUNRUN INC.,US,CA,2176470.198566,476791-1512,"SUNRUN JUPITER OWNER 2022-1, LLC"
385,31,US262841711,SUNRUN INC.,US,CA,2176470.198566,476802-1512,"SUNRUN JUPITER PLEDGOR 2022-1, LLC"
385,32,US262841711,SUNRUN INC.,US,CA,2176470.198566,456174-1512,"SUNRUN KRONOS MANAGER 2020,  LLC"
385,33,US262841711,SUNRUN INC.,US,CA,2176470.198566,456287-1512,"SUNRUN KRONOS OWNER 2020, LLC"
385,34,US262841711,SUNRUN INC.,US,CA,2176470.198566,461099-1512,"SUNRUN LUNA DEPOSITOR 2021,  LLC"
385,35,US262841711,SUNRUN INC.,US,CA,2176470.198566,461101-1512,"SUNRUN LUNA HOLDCO 2021, LLC"
385,36,US262841711,SUNRUN INC.,US,CA,2176470.198566,478482-1512,"SUNRUN LUNA PLEDGOR 2021, LLC"
385,37,US262841711,SUNRUN INC.,US,CA,2176470.198566,461105-1512,"SUNRUN LUNA PORTFOLIO 2021,  LLC"
385,38,US262841711,SUNRUN INC.,US,CA,2176470.198566,461258-1512,"SUNRUN PEGASUS MANAGER 2021,  LLC"
385,39,US262841711,SUNRUN INC.,US,CA,2176470.198566,486482-1512,"SUNRUN PEGASUS MANAGER 2022, LLC"
385,40,US262841711,SUNRUN INC.,US,CA,2176470.198566,461257-1512,"SUNRUN PEGASUS OWNER 2021, LLC"
385,41,US262841711,SUNRUN INC.,US,CA,2176470.198566,486495-1512,"SUNRUN PEGASUS OWNER 2022, LLC"
385,42,US262841711,SUNRUN INC.,US,CA,2176470.198566,496388-1512,"SUNRUN POSEIDON HOLDCO 2022, LLC"
385,43,US262841711,SUNRUN INC.,US,CA,2176470.198566,497688-1512,"SUNRUN POSEIDON HOLDINGS 2022, LLC"
385,44,US262841711,SUNRUN INC.,US,CA,2176470.198566,496214-1512,"SUNRUN POSEIDON PORTFOLIO 2022-A, LLC"
385,45,US262841711,SUNRUN INC.,US,CA,2176470.198566,496218-1512,"SUNRUN POSEIDON PORTFOLIO 2022-B, LLC"
385,46,US262841711,SUNRUN INC.,US,CA,2176470.198566,465390-1512,"SUNRUN RAGNAR MANAGER 2021, LLC"
385,47,US262841711,SUNRUN INC.,US,CA,2176470.198566,495008-1512,"SUNRUN RAGNAR MANAGER 2023, LLC"
385,48,US262841711,SUNRUN INC.,US,CA,2176470.198566,504605-1512,"SUNRUN RAGNAR MANAGER 2023-B, LLC"
385,49,US262841711,SUNRUN INC.,US,CA,2176470.198566,515641-1512,"SUNRUN RAGNAR MANAGER 2023-C, LLC"
385,50,US262841711,SUNRUN INC.,US,CA,2176470.198566,463516-1512,"SUNRUN RAGNAR OWNER 2021, LLC"
385,51,US262841711,SUNRUN INC.,US,CA,2176470.198566,493903-1512,"SUNRUN RAGNAR OWNER 2023, LLC"
385,52,US262841711,SUNRUN INC.,US,CA,2176470.198566,515645-1512,"SUNRUN RAGNAR OWNER 2023-C, LLC"
385,53,US262841711,SUNRUN INC.,US,CA,2176470.198566,504606-1512,"SUNRUN RAGNAR OWNER 2O23-B, LLC"
385,54,US262841711,SUNRUN INC.,US,CA,2176470.198566,411083-1512,SUNRUN SIRIUS MANAGER 2018 LLC
385,55,US262841711,SUNRUN INC.,US,CA,2176470.198566,411085-1512,"SUNRUN SIRIUS OWNER 2018, LLC"
385,56,US262841711,SUNRUN INC.,US,CA,2176470.198566,486931-1512,"SUNRUN TERRA MANAGER 2022, LLC"
385,57,US262841711,SUNRUN INC.,US,CA,2176470.198566,486922-1512,"SUNRUN TERRA OWNER 2022, LLC"
385,58,US262841711,SUNRUN INC.,US,CA,2176470.198566,486928-1512,"SUNRUN TERRA PORTFOLIO 2022-A, LLC"
385,59,US262841711,SUNRUN INC.,US,CA,2176470.198566,486935-1512,"SUNRUN TERRA PORTFOLIO 2022-B,  LLC"
385,60,US262841711,SUNRUN INC.,US,CA,2176470.198566,465130-1512,"SUNRUN ULYSSES MANAGER 2021, LLC"
385,61,US262841711,SUNRUN INC.,US,CA,2176470.198566,507390-1512,"SUNRUN ULYSSES MANAGER 2023, LLC"
385,62,US262841711,SUNRUN INC.,US,CA,2176470.198566,465123-1512,"SUNRUN ULYSSES OWNER 2021, LLC"
385,63,US262841711,SUNRUN INC.,US,CA,2176470.198566,507401-1512,"SUNRUN ULYSSES OWNER 2023, LLC"
386,1,LULB125718,L'OCCITANE GROUPE S.A.,LU,,2139212.027631,14359-112,"L'OCCITANE, INC."
387,1,IE534814,ENDO INTERNATIONAL PLC,IE,,2136818.275748,462578-1512,ENDO AESTHETICS LLC
387,2,IE534814,ENDO INTERNATIONAL PLC,IE,,2136818.275748,478039-112,"PAR PHARMACEUTICAL, INC."
388,1,US*909071960,RIVERSTONE HOLDINGS-D L.P,US,,2130445.258069,10568-112,BUCKEYE MANAGEMENT COMPANY
389,1,SE5568494180,EQT AB,SE,,2122026.35059,408941-1512,PROMETRIC  LLC
390,1,US302690834L,"IBT, LLC",US,VA,2087657.208081,409870-1512,IBT LLC
391,1,US132282716L,"COINSTAR ASSET HOLDINGS, LLC",US,DE,2064505.022026,393951-1512,"COINSTAR ASSET HOLDINGS,  LLC"
391,2,US132282716L,"COINSTAR ASSET HOLDINGS, LLC",US,DE,2064505.022026,393951-1512,"COINSTAR ASSET HOLDINGS,  LLC"
391,3,US132282716L,"COINSTAR ASSET HOLDINGS, LLC",US,DE,2064505.022026,13197-1512,"COINSTAR, LLC"
391,4,US132282716L,"COINSTAR ASSET HOLDINGS, LLC",US,DE,2064505.022026,13197-1512,"COINSTAR, LLC"
392,1,US680551851,PALANTIR TECHNOLOGIES INC.,US,CO,2050322.529785,491387-112,PALANTIR TECHNOLOGIES INC.
393,1,US129819458L,S & C ELECTRIC CO,US,IL,2033483.250293,12517-112,S & C ELECTRIC COMPANY
394,1,US129820716L,SOUTHWIRE COMPANY LLC,US,GA,2027002.660137,12683-112,SOUTHWIRE COMPANY
395,1,DE7270007346,KARL STORZ SE & CO. KG,DE,,2024511.623886,449029-113,KARL STORZ ENDOSCOPIA MEXICO SOCIEDAD ANONIMA CORP.
396,1,IN31440FI,ALLCARGO LOGISTICS LIMITED,IN,,2019155.284981,13351-112,"ECI CUSTOMS BROKERAGE, INC."
397,1,US380471180,WENDY'S COMPANY (THE),US,OH,2010301.434711,15787-112,WENDY'S SINGAPORE PTE. LTD.
398,1,US149118972L,"BOSTON MEDIA GROUP, INC.",US,MA,1993337.283617,476663-112,"THE BOSTON CONSULTING GROUP INTERNATIONAL, INC."
399,1,US943322844,"RINGCENTRAL, INC.",US,CA,1993147.521789,491951-112,"RINGCENTRAL, INC."
400,1,US258088739L,"CRAIG COURT, INC.",US,NY,1979610.231107,384192-1512,"KELLERMEYER BERGENSONS SERVICES, LLC"
401,1,US128990888L,"AVERITT EXPRESS, INC.",US,TN,1964186.203971,10069-112,"AVERITT EXPRESS, INC."
402,1,US020478229,EXACT SCIENCES CORP,US,WI,1920641.019198,313484-112,"GENOMIC HEALTH, INC."
403,1,US365190434L,LIQUID WEB LLC,US,MN,1910250.678228,484243-1512,"LIQUID WEB, LLC"
404,1,US129577761L,AMERICAN HEART ASSOCIATION INC.,US,TX,1906995.10209,317-122,"AMERICAN HEART ASSOCIATION, INC."
405,1,USFEI1020143,AIDS HEALTHCARE FOUNDATION,US,CA,1891625.174679,390268-122,AIDS HEALTHCARE FOUNDATION INC.
406,1,US352743254L,"ALLIANT HOLDINGS, L.P.",US,CA,1884162.050338,14656-112,"ALLIANT INSURANCE SERVICES, INC."
407,1,US164888562L,USI INSURANCE SERVICES LLC (DE),US,NY,1875118.094483,785-1532,USI INSURANCE SERVICES LLC
408,1,US149091618L,"W.L. GORE & ASSOCIATES, INC.",US,DE,1875118.094483,9946-112,"W.L. GORE & ASSOCIATES, INC."
409,1,US150237682L,CENGAGE LEARNING INC,US,CT,1868555.181153,14698-112,"CENGAGE LEARNING, INC."
410,1,US364910063L,"OSSUR AMERICAS, INC.",US,MI,1845628.960861,420047-112,"ÖSSUR AMERICAS,  INC."
411,1,US650271219,PEDIATRIX MEDICAL GROUP INC,US,FL,1817195.497368,13716-112,VIRTUAL RADIOLOGIC CORPORATION
412,1,US125832702L,M.A. MORTENSON COMPANY,US,MN,1813573.846723,11036-112,M.A. MORTENSON COMPANY
413,1,US253156829L,BDO USA LLP,US,IL,1809953.938846,90-812,BDO USA CORP.
414,1,GB04586941,QINETIQ GROUP PLC,GB,,1802613.855992,437043-112,E3 FEDERAL SOLUTIONS PR INC.
415,1,US752303920,TYLER TECHNOLOGIES INC,US,TX,1798516.823906,13900-112,"TYLER TECHNOLOGIES, INC."
416,1,US132297629L,MICHELS CORPORATION,US,WI,1793664.353396,400399-112,MICHELS  CORPORATION
417,1,US144597670L,DELOITTE CONSULTING (HOLDING SUB) LLC,US,NY,1789800.221184,68-812,DELOITTE TAX LLP
417,2,US144597670L,DELOITTE CONSULTING (HOLDING SUB) LLC,US,NY,1789800.221184,70-812,"DELOITTE, LLP"
418,1,US222477875,VALLEY NATIONAL BANCORP,US,NY,1775318.684141,497000-112,VALLEY NATIONAL BANK
419,1,JP5140001058614,GLORY LTD.,JP,,1766329.122223,9745-112,GLORY GLOBAL SOLUTIONS INC.
420,1,US370404965L,"DAVE & BUSTER'S OF PUERTO RICO, INC.",US,DE,1765860.729382,387391-112,"DAVE & BUSTER'S OF PUERTO RICO, INC."
421,1,US621763875,"CORECIVIC, INC.",US,TN,1763120.222479,10400-112,"CORECIVIC, INC."
422,1,US355062779L,"RDG PLANNING & DESIGN, INC.",US,MN,1745041.713502,521814-112,"RDG PLANNING & DESIGN, INC."
423,1,DK10160669,RAMBOLL GRUPPEN A/S,DK,,1740424.685194,465463-112,"RAMBOLL US CONSULTING, INC."
424,1,US149118496L,"LOCKTON COMPANIES, LLC",US,MO,1735745.827353,435537-1512,LOCKTON AFFINITY LLC
424,2,US149118496L,"LOCKTON COMPANIES, LLC",US,MO,1735745.827353,374868-1512,"LOCKTON COMPANIES, LLC"
425,1,US289426160L,FORMICA CORP,US,FL,1721369.122745,13073-112,FORMICA CORPORATION
426,1,KY*4000000164759,GTCR FEEDER LP,KY,,1720420.851689,527963-1512,"ASSUREDPARTNERS NL, LLC"
427,1,US464364776,"ROBINHOOD MARKETS, INC.",US,CA,1718577.19548,421620-1512,"ROBINHOOD CRYPTO,  LLC"
428,1,US262828128,"EXPRESS, INC.",US,OH,1717823.601805,315885-1532,"EXPRESS FASHION OPERATIONS, LLC"
429,1,US351187730L,EX LIBRIS USA INC,US,NY,1714514.166337,350836-112,EX LIBRIS (USA) INC.
430,1,US043512838,AMERESCO INC,US,MA,1710503.352087,414979-112,"AMERESCO,  INC."
431,1,US313228196L,"GLOBAL TOWER SERVICES, LLC",US,DE,1694044.947668,1170-1532,"GLOBAL TOWER SERVICES, LLC"
432,1,US349453589L,SUNNOVA TEP V-E LLC,US,DE,1694035.364183,474304-1512," SUNNOVA TEP V-E,  LLC"
433,1,US355916717L,"SOLARWINDS WORLDWIDE, LLC",US,DE,1693331.162316,496885-1512,"SOLARWINDS WORLDWIDE, LLC"
434,1,US126254398L,BOSE CORPORATION,US,MA,1687606.285035,6379-112,BOSE CORPORATION
435,1,US911653725,MR. COOPER GROUP INC.,US,TX,1682638.849413,901-1532,NATIONSTAR MORTGAGE LLC
436,1,US120186348L,EBSCO INDUSTRIES INC,US,AL,1668855.10409,12684-112,"EBSCO INDUSTRIES, INC."
436,2,US120186348L,EBSCO INDUSTRIES INC,US,AL,1668855.10409,497828-112,EBSCO INTERNATIONAL INC.
437,1,KR1350110034038,CELLTRION INC.,KR,,1660737.452595,497862-112,"CELLTRION USA,  INC."
438,1,US250082609L,SOLENIS LLC,US,DE,1614484.6041,12080-112,"DIVERSEY PUERTO RICO, INC."
439,1,CA32018NC,"RB GLOBAL, INC.",CA,BC,1597685.491679,507987-112,"IRONPLANET, INC."
440,1,CN30755PC,"ZHEJIANG HISUN PHARMACEUTICAL CO.,LTD.",CN,,1587700.052961,396844-112,HISUN PHARMACEUTICALS USA INC.
441,1,US149162285L,BKD LLP,US,MO,1580724.55365,489503-812,"FORVIS MAZARS, LLP"
442,1,FR519087993,SURCREHOL,FR,,1575987.559625,14481-112,"ICT ACCOUNTS RECEIVABLE MANAGEMENT, INC."
443,1,US364790327L,AMWAY DE PUERTO RICO INC.,US,MI,1568005.990809,5625-112,AMWAY DE PUERTO RICO INC
444,1,US133727655,STEEL PARTNERS HOLDINGS L.P.,US,NY,1562330.908871,409972-1512,"NATIONAL PARTNERS PFCO,  LLC"
445,1,GB02025003,SPECTRIS PLC,GB,,1558319.298813,13664-112,"PARTICLE MEASURING SYSTEMS,  INC."
446,1,US355125284L,LIBERTY MUTUAL GROUP INC.,US,NM,1555862.977828,14815-112,LIBERTY MUTUAL GROUP INC.
447,1,US131095628L,CITY ELECTRIC SUPPLY COMPANY,US,FL,1537555.871049,437223-112,CITY ELECTRIC SUPPLY COMPANY
448,1,US043523891,INSULET CORPORATION,US,MA,1535836.414808,491664-112,INSULET CORPORATION
449,1,US149106963L,"RESEARCH TRIANGLE INSTITUTE GLOBAL, INC.",US,NC,1534784.160335,490290-122,RESEARCH TRIANGLE INSTITUTE
450,1,US061377322,"NEW YORK COMMUNITY BANCORP, INC",US,NY,1533045.160235,517997-312,"FLAGSTAR BANK, N.A."
450,2,US061377322,"NEW YORK COMMUNITY BANCORP, INC",US,NY,1533045.160235,386696-112,"LONG LAKE MSR, INC."
451,1,US128966810L,"SEDGWICK CLAIMS MANAGEMENT SERVICES, INC.",US,TN,1527283.687957,13513-112,"SEDGWICK  CLAIMS MANAGEMENT SERVICES, INC."
452,1,US310669331L,TECHSTARS CENTRAL LLC,US,DE,1511521.758191,442314-1512,TECHSTARS CENTRAL LLC
453,1,US541708481,INNOVATE CORP,US,NY,1508753.881788,424140-112,"HC2 STATION GROUP, INC."
454,1,US126110837L,NIXON PEABODY TRUST COMPANY LLC,US,MA,1508596.608028,462592-812,NIXON PEABODY LLP
455,1,US*Z00588884,POSEIDON ACQUISITION CORPORATION,US,NY,1468301.253431,409632-113,APR ENERGY HOLDINGS LIMITED
456,1,US132974524L,JM SMITH CORPORATION.,US,SC,1447963.151077,14296-112,J M SMITH CORPORATION
457,1,US510317849,INTEGRA LIFESCIENCES HOLDINGS CORP,US,NJ,1435371.937429,13565-112,"INTEGRA CI, INC."
458,1,US365219285L,PERFORMANT TECHNOLOGIES LLC,US,MN,1421875.533607,13547-1512,"PERFORMANT TECHNOLOGIES, LLC"
459,1,US266691554L,SOUTHWEST JLK CORPORATION,US,TX,1421177.642736,13990-112,HIS COMPANY INC.
459,2,US266691554L,SOUTHWEST JLK CORPORATION,US,TX,1421177.642736,15038-112,"LAWSON PRODUCTS,INC."
460,1,US860741227,"AXON ENTERPRISE, INC.",US,AZ,1414832.849203,416204-112,AXON ENTERPRISE INC.
461,1,US128138933L,CONTECH CONSTRUCTION PRODUCTS INC.,US,OH,1400713.216579,347728-1512,CONTECH ENGINEERED SOLUTIONS LLC
462,1,YY*907257415,WHEATON HOLDINGS,,,1396234.458124,487141-111,MORGAN-WHITE GROUP INC.
463,1,US356287583L,"THE FACILITIES GROUP NATIONAL, LLC",US,FL,1394156.039764,389380-1512,EXCEL BUILDING SERVICES LLC
464,1,US464987888,AVANOS MEDICAL INC,US,GA,1377233.485412,349055-112,"AVANOS MEDICAL, INC."
465,1,US361581674L,SCRIPTPRO CARIBBEAN INC.,US,KS,1363165.075799,14135-112,SCRIPTPRO CARIBBEAN INC.
466,1,US954766827,GREEN DOT CORPORATION,US,CA,1356688.078918,342352-112,GREEN DOT CORPORATION
467,1,US367519823L,"SJC WHEELS, LLC",US,DE,1346374.348928,4957-1512,"WHEELS, LLC"
468,1,US043444218,IPG PHOTONICS CORPORATION,US,MA,1340284.723307,480798-112,IPG PHOTONICS CORPORATION
469,1,US060247840,BARNES GROUP INC,US,CT,1327326.147569,14813-112,BARNES GROUP INC.
470,1,US149209877L,AMWINS GROUP BENEFITS LLC,US,NC,1321020.697564,341550-112,AMWINS GROUP BENEFITS LLC
471,1,US126712308L,RELIGIOUS ORDER OF JEHOVAH'S WITNESSES,US,NY,1311645.107091,333990-122,RELIGIOUS ORDER OF JEHOVAH'S WITNESSES CORPORATION
472,1,US590940416,"CLAIRE'S STORES, INC.",US,IL,1298257.778029,427914-112,"CLAIRE'S BOUTIQUES, INC."
473,1,US842224323,"AFFIRM HOLDINGS, INC.",US,CA,1289757.421899,480300-1512,"AFFIRM LOAN SERVICES,  LLC"
473,2,US842224323,"AFFIRM HOLDINGS, INC.",US,CA,1289757.421899,522958-1512,"AFFIRM PAYMENTS, LLC"
474,1,US362059034L,"WIMBERLY ALLISON TONG & GOO NA, INC.",US,DE,1285550.271882,13776-112,"WIMBERLY ALLISON TONG & GOO NA, INC."
475,1,US333559097L,"LL B SHEET 1, LLC",US,MA,1279073.770992,340103-1512,"LL B SHEET 1, LLC"
476,1,US365175425L,"VERTICAL BRIDGE S3 ASSETS, LLC",US,MN,1278215.311872,407880-1512,"VERTICAL BRIDGE S3 ASSETS, LLC"
477,1,US399443378L,"NUTRITION & BIOSCIENCES USA 4, INC.",US,NM,1277094.412696,442852-112,"NUTRITION & BIOSCIENCES USA 4, INC."
478,1,US150240292L,GRANITE TELECOMMUNICATIONS LLC,US,MA,1265704.713776,356753-1512,GRANITE TELECOMMUNICATIONS L.L.C.
479,1,US344215202L,LEARNING INNOVATION CATALYST INC.,US,FL,1250526.503612,484925-112,LEARNING INNOVATION CATALYST INC.
480,1,US*903673069,AQUILINE HOLDINGS LP,US,DE,1247132.291159,15518-112,"COADVANTAGE RESOURCES IV, INC."
481,1,US128106349L,BENCO DENTAL,US,PA,1241328.178548,15048-112,BENCO DENTAL SUPPLY CO.
482,1,US352477140,"PREMIER, INC.",US,NC,1231197.627536,369689-1512,"HEALTHCARE INSIGHTS, LLC"
483,1,US371302241L,"AUDAX MANAGEMENT COMPANY HOLDINGS, LLC",US,DE,1224452.115698,486374-1512,"48FORTY SOLUTIONS, LLC"
484,1,US363363614L,SEAFARERS PENNSYLVANIA BUILDING CORPORATION,US,PA,1215362.300424,496618-122,SEAFARERS PUERTO RICO BUILDING CORPORATION
485,1,US042882273,HAEMONETICS CORPORATION,US,MA,1210854.966604,501733-112,HAEMONETICS CORPORATION
486,1,US353299799L,ECC ENVIRONMENTAL LLC,US,CA,1210280.012337,499499-1512,ECC ENVIRONMENTAL LLC
487,1,US*110347671067,INCLINEPARTNERS FEEDER L.P.,US,,1197791.625293,335817-112,"ALTUS RECEIVABLES MANAGEMENT, INC."
487,2,US*110347671067,INCLINEPARTNERS FEEDER L.P.,US,,1197791.625293,405703-1512,"BROWN & JOSEPH, LLC"
487,3,US*110347671067,INCLINEPARTNERS FEEDER L.P.,US,,1197791.625293,308783-112,PARAGON ASSET RECOVERY SERVICES LLC
488,1,US351736614,SHOE CARNIVAL INC,US,IN,1192537.272052,15357-112,"SHOE CARNIVAL, INC."
489,1,US264210872L,DOVEWING LLC,US,IL,1188828.486432,345456-1512,DOVEWING  LLC
490,1,KY*110321173408,"CD&R ULYSSES, L.P.",KY,,1178762.786024,1321-1532,"ASHFIELD HEALTHCARE, LLC"
491,1,US149137450L,"PILOT CATASTROPHE SERVICES, INC.",US,AL,1177375.037219,402810-112,"PILOT CATASTROPHE SERVICES, INC."
492,1,US359094164L,SUNNOVA MANAGEMENT LLC,US,,1173645.481357,362001-1512,"SUNNOVA MANAGEMENT, LLC"
493,1,US353226041L,KEYENCE CORPORATION OF AMERICA,US,NM,1165058.678589,498009-112,KEYENCE CORPORATION OF AMERICA CORPORATION
494,1,US361955126L,"PRWIRELESS PR, LLC",US,DE,1162577.016658,13934-112,"PRWIRELESS PR, LLC"
495,1,US135416910,"STONE & WEBSTER, INC.",US,MA,1162499.200575,436350-112,"STONE & WEBSTER, L.L.C."
496,1,US871583942,EMBECTA CORP.,US,NJ,1158698.735517,488793-122,EMBECTA CORP.
497,1,US365650139L,FIRSTSOURCE ADVANTAGE LLC,US,MN,1152801.769573,255-1532,"FIRSTSOURCE ADVANTAGE, LLC"
498,1,US302720669L,SAL DEL MAR LLC,US,VA,1144910.96742,349282-1512,SAL DEL MAR L.L.C.
499,1,US223415036,IDT CORP,US,NJ,1141589.921191,15231-112,"IDT AMERICA, CORP."
500,1,GI90099,888 HOLDINGS PLC,GI,,1141539.792192,491920-112,"AMERICAN WAGERING, INC."
501,1,US149206148L,APPLIED RESEARCH ASSOCIATES INC,US,NM,1139069.09598,397767-112,"APPLIED RESEARCH ASSOCIATES, INC."
502,1,PL270543582,TELE-FONIKA KABLE S.A.,PL,,1129077.94403,495487-112,JDR CABLE SYSTEMS INC.
503,1,USLEI759850,FREEPOINT COMMODITIES HOLDINGS LLC,US,DE,1117537.492683,315775-1532,"FREEPOINT COMMODITIES, L.L.C."
504,1,US953936623,"BENTLEY SYSTEMS, INCORPORATED",US,PA,1111685.47394,503087-112,"BENTLEY SYSTEM, INCORPORATED"
505,1,US128869937L,"FREIGHTWATCH INTERNATIONAL (USA), INC.",US,TX,1110858.909263,14636-112,"FREIGHTWATCH INTERNATIONAL (USA), INC."
506,1,US043744954,"GLOBUS MEDICAL, INC.",US,PA,1107575.459784,369515-112,"GLOBUS MEDICAL NORTH AMERICA,  INC."
507,1,US131866329L,LDS FAMILY SERVICES,US,UT,1104640.886028,144-122,THE CHURCH OF JESUS CHRIST OF LATTER-DAY SAINTS
508,1,US366757520L,ISLAND PRODUCTION SERVICES I LLC,US,HI,1104590.296283,463915-1512,ISLAND PRODUCTIONS   LLC
509,1,VG*L000000217869,YIN LONG INTERNATIONAL INVESTMENT LIMITED,VG,,1101993.448232,459476-112,ALTAIRNANO INCORPORATED
510,1,US294958565L,MVNO CONNECT LLC,US,WY,1092214.975935,513096-1512,MVNO CONNECT LLC
511,1,US302062319L,GOITIA MARCHIANO FAMILY LLC,US,VA,1092214.975935,516298-1512,GOITIA MARCHIANO FAMILY LLC
512,1,US348687779L,FIRST COMMAND ADVISORY SERVICES INC.,US,TX,1089919.546924,484376-112,"FIRST COMMAND ADVISORY SERVICES, INC."
513,1,US318925298L,"CONCEPTS MEDIA GROUP, LLC",US,FL,1079741.517012,471587-1512,CONCEPTS MEDIA GROUP LLC
514,1,US312254564L,SECURITY & TECHNOLOGY DISTRIBUTORS LLC,US,FL,1079741.517012,439981-1512,SECURITY & TECHNOLOGY DISTRIBUTORS LLC
515,1,US135628003L,SUNRISE MEDICAL (US) LLC,US,MO,1079313.208941,1092-1512,SUNRISE MEDICAL (US) LLC
516,1,US281580779L,"ATLANTIC COFFEE INDUSTRIAL SOLUTIONS, LLC",US,TX,1079313.208941,372307-1512,ATLANTIC COFFEE INDUSTRIAL SOLUTIONS LLC
517,1,US127437195L,UNIVERSITY SYSTEM OF NEW HAMPSHIRE,US,NH,1078292.752062,407122-122,UNIVERSITY SYSTEM OF NEW HAMPSHIRE CORPORATION
518,1,US120508262L,"SOUTHEASTERN FREIGHT LINES, INC.",US,SC,1078192.904328,10575-112,"SOUTHEASTERN FREIGHT LINES, INC."
519,1,US470783182,CSG SYSTEMS INTERNATIONAL INC,US,CO,1077458.067358,445290-112,"CSG FORTE PAYMENTS,  INC."
520,1,US303295991L,ARETEC GROUP INC,US,CA,1077229.998839,327593-1512,CETERA ADVISOR NETWORKS LLC
521,1,US354103082L,"OURO GLOBAL, INC.",US,TX,1072784.643925,533111-112,OURO GLOBAL INC.
522,1,US313496132L,GUY CARPENTER & CO LLC,US,DE,1072784.643925,1032-1512,"GUY CARPENTER & COMPANY, LLC"
523,1,US127627837L,TORY BURCH LLC,US,NY,1061316.841478,356445-1512,"TORY BURCH, LLC"
524,1,US241492856L,PROSIGHT SPECIALTY MANAGEMENT COMPANY INC.,US,NJ,1059809.237493,417343-112,NEW YORK MARINE AND GENERAL INSURANCE COMPANY
525,1,IT03032950242,SAFILO GROUP SPA,IT,,1058290.083256,441730-112,SAFILO USA CORPORATION
526,1,US464591526,DIGITALBRIDGE GROUP INC,US,CA,1054711.204415,497907-1512,LANDMARK INFRASTRUCTURE OPERATING COMPANY LLC
527,1,US372081938L,UNITE PARENT CORP.,US,DE,1050998.156781,8373-112,INTERBORO SYSTEMS CORPORATION
528,1,US952680965,INVACARE CORP,US,OH,1049267.99508,368141-112,INVACARE CORPORATION
529,1,DE6150026135,SMA SOLAR TECHNOLOGY AG,DE,,1047675.820468,443581-1512,SMA SOLAR TECHNOLOGY AMERICA LLC
530,1,US*920491661,"ASCP, LLC",US,,1037840.768748,15338-112,GLOBAL TEL*LINK CORPORATION
531,1,AT9110290826,DATAX HANDELSGMBH,AT,,1035600.26048,347830-112,"KAPSCH TRAFFICCOM USA, INC."
532,1,US128528655L,"BATTELLE MEMORIAL INSTITUTE, INC.",US,OH,1035065.188155,530-122,BATTELLE MEMORIAL INSTITUTE
533,1,US131866833L,"M.C. DEAN, INC",US,VA,1027148.860295,462569-112,"M.C. DEAN,  INC."
534,1,US270223495,"B. RILEY FINANCIAL, INC.",US,CA,1026687.06632,512455-112,"B. RILEY WEALTH MANAGEMENT, INC."
534,2,US270223495,"B. RILEY FINANCIAL, INC.",US,CA,1026687.06632,15321-112,VITAMIN SHOPPE INDUSTRIES LLC
535,1,US*110158215675,"SALTCHUK RESOURCES, INC.",US,,1021070.591081,389681-112,"NORTHERN AIR CARGO, LLC"
536,1,US378817922L,CROWN CASTLE PR LLC,US,PR,1015546.633334,339-1531,CROWN CASTLE PR LLC
537,1,US149151582L,SOUTHWEST RESEARCH INSTITUTE,US,TX,1011764.251815,367329-122,SOUTHWEST RESEARCH INSTITUTE INC.
538,1,US319517600L,"GESTION TECNOLOGICA E INDUSTRIAL, INC",US,FL,1003447.29893,412015-112,GESTION TECNOLOGICA E INDUSTRIAL  INC.
539,1,US318412547L,"REZPIRA, LLC",US,FL,1003447.29893,372751-1512,"REZPIRA, LLC"
540,1,US349827047L,"ACRISURE HOLDINGS, INC.",US,MI,992759.735457,366331-1512,"ACRISURE, LLC"
541,1,US471347291,"EXELA TECHNOLOGIES, INC.",US,TX,992587.551482,7634-112,"BANCTEC (PUERTO RICO), INC."
542,1,US272220139,"PROGYNY, INC.",US,NY,985156.11896,423212-112,"PROGYNY, INC."
543,1,US010894487,"NATERA, INC.",US,CA,979701.822765,493650-112,NATERA INC.
544,1,US127608505L,UNITED STATES FUND FOR UNICEF,US,NY,977389.065393,484-122,UNITED STATES FUND FOR UNICEF
545,1,US324279971L,"MITSUBISHI FUSO TRUCK OF AMERICA, INC",US,DE,977314.516936,14694-112,"MITSUBISHI FUSO TRUCK OF AMERICA, INC."
546,1,US127888573L,PRODUCTION RESOURCE GROUP LLC,US,NY,974747.340829,441892-1512,"PRODUCTION RESOURCE GROUP, L.L.C."
547,1,US324383810L,CREDIT KARMA OFFERS INC,US,DE,972075.612584,528854-112,"CREDIT KARMA OFFERS, INC."
548,1,US313408616L,"PAREXEL INTERNATIONAL, LLC",US,DE,968043.877207,482010-1512,PAREXEL INTERNATIONAL LLC
549,1,US129295235L,LINEBARGER GOGGAN BLAIR & SAMPSON LLP,US,TX,967781.805745,464825-812,"LINEBARGER GOGGAN BLAIR & SAMPSON,  LLP"
550,1,US353222198L,NOVA BUS (US) INC.,US,MN,961997.527365,471300-112,NOVA BUS (US)  INC.
551,1,US130941100L,NOVA SOUTHEASTERN UNIVERSITY INC.,US,FL,960998.023423,407-122,"NOVA SOUTHEASTERN UNIVERSITY, INC."
552,1,US124023201L,EDUCATIONAL MEDIA FOUNDATION INCORPORATED A/K/A EDUCATIONAL MEDIA FOUNDATION,US,CA,960998.023423,407919-122,EDUCATIONAL MEDIA FOUNDATION INC.
553,1,US251599871L,DOS MEDICOS LLC,US,CA,959466.842222,464679-1512,DOS MEDICOS  LLC
554,1,ESA48035901,TSK ELECTRONICA Y ELECTRICIDAD SA,ES,,959130.185444,15573-112,"TSK ELECTRONICA Y ELECTRICIDAD USA, CORP."
555,1,US680438710,"CALIX, INC.",US,CA,957972.832164,15019-112,CALIX NETWORKS
556,1,US128076972L,COMMUNICATIONS TEST DESIGN INC.,US,PA,951622.43295,499989-112,COMMUNICATIONS TEST DESIGN INC.
557,1,AT9010013062,DOPPELMAYR HOLDING SE,AT,,947737.209191,378084-112,DOPPELMAYR USA INC.
558,1,US361923344L,"TROON PUERTO RICO, LLP",US,DE,944739.51344,489615-812,"TROON PUERTO RICO, LLP"
559,1,US299380940L,ACAR LEASING LTD.,US,TX,943757.943395,15279-112,ACAR LEASING LTD.
560,1,US124033392L,"AMERICAN INDUSTRIAL PARTNERS III, L.P.",US,CA,942246.842478,435583-112,SUN COAST RESOURCES INC.
561,1,GB09451374,LIVANOVA PLC,GB,,941582.261875,434573-112,"LIVANOVA USA, INC."
562,1,US266043941L,"EVERGREEN ENTERPRISES OF VIRGINIA, LLC",US,,933869.998209,334869-1512,EVERGREEN ENTERPRISES OF VIRGINIA LLC
563,1,US365673011L,STRAUMANN USA LLC,US,MN,932198.933261,363881-1512, STRAUMANN USA LLC
564,1,US294715208L,"CHESAPEAKE WASTE SOLUTIONS, LLC",US,NJ,931934.042043,477184-1512,"CHESAPEAKE WASTE SOLUTIONS,  LLC"
565,1,US135654887L,"ASSOCIATED PRESS USA LLC, THE",US,NY,931221.301536,158-122,THE ASSOCIATED PRESS
566,1,US356494997L,NEPHRON STERILE COMPOUNDING CENTER LLC,US,SC,921997.718687,407528-1512,NEPHRON STERILE COMPOUNDING CENTER  LLC
567,1,USBOE00023227,"LOCKHEED MARTIN GLOBAL, INC.",US,NY,920447.995405,14017-112,"LOCKHEED MARTIN GLOBAL, INC."
568,1,US3511-112,"B, F & K MANAGEMENT COMPANY, INC",US,PR,914402.253747,3511-112,"B, F & K MANAGEMENT COMPANY, INC."
569,1,US365251721L,"TRAILER BRIDGE INTERNATIONAL, INC.",US,DE,913406.953516,468170-112,"TRAILER BRIDGE INTERNATIONAL, INC."
570,1,US800629925,WALKER & DUNLOP INC,US,MD,908555.627424,1099-1532,"WALKER & DUNLOP, LLC"
571,1,US126265148L,"WELLINGTON PPIF MANAGEMENT, LLC",US,MA,908494.716777,513580-812,WELLINGTON MANAGEMENT COMPANY LLP
572,1,US267960260L,TMF HEALTH QUALITY INSTITUTE,US,TX,907970.113335,364601-122,TMF HEALTH QUALITY INSTITUTE INC.
573,1,US126471824L,BFI CO,US,MA,907154.252581,466093-112,PHIBRO ANIMAL HEALTH  CORPORATION
574,1,US302073839L,SPECIALTY PROGRAM GROUP LLC,US,NJ,905707.728919,386716-1512,SPECIALTY PROGRAM GROUP LLC
575,1,US611937225,BALDWIN INSURANCE GROUP INC,US,FL,903723.302433,431394-1512,"BALDWIN KRYSTYN SHERMAN PARTNERS, LLC"
575,2,US611937225,BALDWIN INSURANCE GROUP INC,US,FL,903723.302433,446295-1512,"CONNECTED RISK SOLUTIONS, LLC"
576,1,US358888133L,HEALTHPLAN SERVICES INC,US,UT,898147.133121,405582-112,"HEALTHPLAN SERVICES, INC."
577,1,US128254101L,HERSHEY CREAMERY CO,US,PA,892307.291851,15750-112,HERSHEY CREAMERY COMPANY
578,1,US308769005L,"MINISTERIO EVANGELISTICO MI CRISTO VIVE, INC.",US,FL,890921.480133,481-122,"MINISTERIO EVANGELISTICO MI CRISTO VIVE, INC."
579,1,US371229518L,"ADJUSTERS INTERNATIONAL PUERTO RICO, LLC",US,DE,887168.845333,401833-1512,"ADJUSTERS INTERNATIONAL PUERTO RICO, LLC"
580,1,US333164960L,A.D.P. LLC,US,CA,886649.549442,1556-1512,"ADP, INC."
581,1,GB04306979,SOL INVESTMENTS LIMITED,GB,,882933.928219,335-112,SOL PUERTO RICO LIMITED
582,1,US431554045,ESCO TECHNOLOGIES INC,US,MO,880973.675024,12315-112,DOBLE ENGINEERING COMPANY
583,1,US12199-112,PWJC INSURANCE SALES INCORPORATED,US,PR,879056.793679,12199-112,PWJC INSURANCE SALES INCORPORATED
584,1,US365268422L,"AMAZON PAYMENTS, INC.",US,MN,878584.069841,13478-112,"AMAZON PAYMENTS, INC."
585,1,US540649263,VSE CORP,US,VA,875195.542975,15731-112,WHEELER FLEET SOLUTIONS CORP.
586,1,US134681188L,MAC LEAN-FOGG COMPANY,US,DE,874742.591077,12495-112,MAC LEAN-FOGG COMPANY
587,1,US365542964L,LUXOTTICA OF AMERICA INC.,US,MN,869795.36884,384085-112,LUXOTTICA OF AMERICA INC.
588,1,US350964965L,LIKEWIZE CORP.,US,TX,865495.977778,504699-1512,"LIKEWIZE US, LLC"
589,1,US349866461L,"SBA 2012 TC ASSET, LLC",US,NC,863443.176812,624-1532,"SBA 2012 TC ASSETS PR, LLC"
590,1,US365447345L,ALVAREZ & MARSAL NORTH AMERICA LLC,US,MN,862983.906712,411138-1512,"ALVAREZ & MARSAL NORTH AMERICA, LLC"
591,1,US380829210,AMERISURE MUTUAL INSURANCE CO.,US,MI,858966.695954,14540-112,AMERISURE  INSURANCE COMPANY
591,2,US380829210,AMERISURE MUTUAL INSURANCE CO.,US,MI,858966.695954,14542-112,AMERISURE MUTUAL INSURANCE COMPANY
592,1,US348630818L,NAVVIS & CO LLC,US,MO,857042.477604,486148-1512,"NAVVIS & COMPANY, LLC"
593,1,FR969202241,VIRIDIEN SA,FR,,854127.937017,504212-112,"GEOCOMP, INC."
594,1,US318824900L,INTERCLAIM INC.,US,FL,849940.04612,400825-112,INTERCLAIM WORLDWIDE CLAIMS CONSULTANTS INC.
595,1,US149115868L,"THOMAS H. LEE PARTNERS, LIMITED PARTNERSHIP",US,MA,849538.092633,510155-112,"INTELLIGENT MEDICAL OBJECTS, INC."
595,2,US149115868L,"THOMAS H. LEE PARTNERS, LIMITED PARTNERSHIP",US,MA,849538.092633,504733-1512,KEYLOGIC SYSTEMS L.L.C.
596,1,US043416587,"PTC THERAPEUTICS, INC.",US,NJ,848707.311418,437499-112,"PTC THERAPEUTICS, INC."
597,1,US302046311L,GUIDEHOUSE LLP,US,VA,844572.474805,12718-112,GUIDEHOUSE INC.
598,1,US366830486L,"BARNARD CENTRAL AMERICA, INC.",US,MT,840311.868673,331933-112,"BARNARD CENTRAL AMERICA, INC."
599,1,US372402326L,"UNICITY USA, INC.",US,DE,838633.929417,520037-112,"UNICITY USA, INC."
600,1,US314879018L,"SUN COUNTRY, INC.",US,MN,838177.788234,443343-112,"SUN COUNTRY, INC."
601,1,US317843624L,"ASOCIACION DE CAPELLANES AHIEZER,INC.",US,FL,831268.468123,453-122,"ASOCIACION DE CAPELLANES AHIEZER, INC."
602,1,GB09237894,INDIVIOR PLC,GB,,830262.202173,374263-112,INDIVIOR INC.
603,1,US139109975L,"STELLAR GROUP, INC.",US,FL,827148.950053,10952-112,THE STELLAR GROUP INC
604,1,US353227997L,"EIGHTEEN HUNDRED, INC.",US,MN,824407.890632,497708-111,EIGHTEEN HUNDRED INC.
605,1,US365475542L,"MOTT MACDONALD, INC.",US,MN,810336.514555,333042-112,"MOTT MACDONALD, INC."
606,1,US355583369L,PROVANTAGE CORPORATE SOLUTIONS LLC,US,RI,809293.905081,442235-1512,PROVANTAGE CORPORATE SOLUTIONS LLC
607,1,US123948988L,"EDGEWOOD PARTNERS INSURANCE CENTER, INC.",US,CA,807239.456725,15479-112,EDGEWOOD PARTNERS INSURANCE CENTER
608,1,US223672377,PLUG POWER INC,US,NY,806642.171925,442785-112,PLUG POWER INC.
609,1,US136001113L,REYNOLDS AND REYNOLDS COMPANY THE,US,OH,804753.128874,515601-112,THE REYNOLDS AND REYNOLDS COMPANY CORPORATION
610,1,US366073046L,KEPNER-TREGOE PUERTO RICO LLC,US,DE,804389.372216,161-1532,"KEPNER-TREGOE PUERTO RICO, LLC"
611,1,US364836272L,"NTT DATA EAS, INC.",US,IL,804389.372216,10067-112,"NTT DATA EAS, INC."
612,1,US366083597L,YOH OF PUERTO RICO INC,US,DE,804389.372216,12609-112,YOH OF PUERTO RICO INC.
613,1,US367656845L,"TBI OUTSOURCING PUERTO RICO, INC.",US,DE,804389.372216,13318-112,"TBI OUTSOURCING PUERTO RICO, INC."
614,1,US369836102L,STAR LAJAS MANAGER CORP.,US,DE,804389.372216,334326-112,STAR LAJAS MANAGER CORP.
615,1,US385761722L,WARRINGTON ADVISORS LLC,US,FL,804389.372216,336374-1512,WARRINGTON ADVISORS LLC
616,1,US370314641L,"MWPR CR, LLC",US,DE,804389.372216,348245-1512,"MWPR CR, LLC"
617,1,US365189729L,GEMINI TC LLC,US,MN,804389.372216,391218-1512,"GEMINI TRUST COMPANY, LLC"
618,1,US369106265L,PB ELDERLY CORP,US,DE,804389.372216,15409-112,"PB ELDERLY, CORP."
619,1,US313681853L,FKM UNION LLC,US,NY,804389.372216,404594-1512,FKM UNION LLC
620,1,US371957204L,"AGORDIA, INC.",US,DE,804389.372216,420370-112,AGORDIA INC.
621,1,US372497639L,HCI IVD HOLDINGS MEMBER LLC,US,DE,804389.372216,436120-1512,HCI IVD HOLDINGS MEMBER LLC
622,1,US396798938L,DEALER INSPIRE INC,US,PA,804389.372216,442789-112,DEALER INSPIRE INC.
623,1,US342991046L,UNITED CLERGY TASK FORCE INC,US,VA,804389.372216,453659-122,UNITED CLERGY TASK FORCE INC.
624,1,US320091380L,GURU CULTIVATION LLC,US,CA,804389.372216,457031-1512,GURU CULTIVATION LLC
625,1,US349496828L,"SANSSOUCISI, LLC",US,DE,804389.372216,461357-1512,SANSSOUCISI LLC
626,1,US313119605L,"ENSEMBLE COMMERCIAL SERVICES, LLC",US,MD,804389.372216,469366-1512,ENSEMBLE COMMERCIAL SERVICES LLC
627,1,US354631700L,PPR MANATI LLC,US,DE,804389.372216,480054-1512,PPR MANATI LLC
628,1,US392513963L,CIRO THREE SALINAS BESS LLC,US,DE,804389.372216,498035-1512,CIRO THREE SALINAS BESS LLC
629,1,US376807526L,"VOA LAJAS AH GP, INC.",US,DE,804389.372216,501555-122,"VOA LAJAS AH GP, INC."
630,1,US376097873L,"VOA LARES AH GP, INC.",US,DE,804389.372216,501559-122,"VOA LARES AH GP, INC."
631,1,US364686101L,"ASSUREDPARTNERS OF MARYLAND, LLC",US,MN,804389.372216,512356-1512,"ASSUREDPARTNERS OF MARYLAND,  LLC"
632,1,US400880495L,FORMACION DE IGLESIAS DE SANTIDAD INC,US,PA,804389.372216,519028-122,FORMACIÓN DE IGLESIAS DE SANTIDAD INC.
633,1,US389652779L,"ASURION TECHNOLOGY SERVICES OF PUERTO RICO, INC.",US,DE,804389.372216,14680-112,"ASURION TECHNOLOGY SERVICES OF PUERTO RICO, INC."
634,1,US406594511L,BROWN & BROWN OF OREGON LLC,US,MI,804389.372216,328791-1512,"BROWN & BROWN OF OREGON,  LLC"
635,1,US370612244L,"WM 53-CITI TOWERS, LLC",US,DE,804389.372216,367820-1512,"WM 53 - CITI TOWERS, LLC"
636,1,US404308253L,LED FUNDING II LLC,US,CT,804389.372216,369055-1512,"LED FUNDING II, LLC"
637,1,US370789175L,"SEVEN G PROPERTIES OSJ, LLC",US,DE,804389.372216,380855-1512,"SEVEN G PROPERTIES OSJ, LLC"
638,1,US368634983L,LUCERO DE ALBA MANAGING MEMBER INC,US,DE,804389.372216,15281-112,LUCERO DE ALBA MANAGING MEMBER INC.
639,1,US350578955L,REINA CAPITAL II LLC,US,DE,804389.372216,462314-1512,REINA CAPITAL II LLC
640,1,US374349989L,"767 LENDER, LP",US,DE,804389.372216,468209-1512,"767 LENDER, LLC"
641,1,US326511944L,HRPR MANAGEMENT LLC,US,VA,804389.372216,471523-1512,GRHPR MANAGEMENT COMPANY LLC
642,1,US400603991L,"HIGH PERFORMANCE AUTOMATION & CONTROLS, LLC",US,TN,804389.372216,484830-1512,"HIGH PERFORMANCE AUTOMATION & CONTROLS, LLC"
643,1,US341256875L,RANCHO LAEL LLC,US,FL,804389.372216,510110-1512,RANCHO LAEL LLC
644,1,US378147752L,SWANCHYBOI STUDIOS LLC,US,FL,804389.372216,518781-1512,SWANCHYBOY STUDIOS LLC
645,1,US359454722L,SLAUSON STREET VENTURES LLC,US,DE,804389.372216,528890-1512,SLAUSON STREET VENTURES LLC
646,1,US393319283L,AR3S LLC,US,AZ,804389.372216,532374-1512,AR3S LLC
647,1,US*110313172796,SOLAR PROJECT SAN JUAN LLC,US,,804389.372216,1271-1532,"SOLAR PROJECT SAN JUAN, LLC"
648,1,US369247775L,"LANDFILL GAS TECHNOLOGIES OF FAJARDO, LLC",US,DE,804389.372216,1298-1532,"LANDFILL GAS TECHNOLOGIES OF FAJARDO, LLC"
649,1,US383075672L,ALVAREZ & MARSAL PUBLIC SECTOR SERVICES LLC,US,NY,804389.372216,1361-1532,"ALVAREZ & MARSAL PUBLIC SECTOR SERVICES, LLC"
650,1,US365218571L,"MANAGERS DISTRIBUTORS, INC.",US,MN,804389.372216,11814-112,"AMG DISTRIBUTORS, INC."
651,1,US369275978L,STAR MOROVIS LLC,US,DE,804389.372216,309452-112,"STAR MOROVIS MANAGER, CORP."
651,2,US369275978L,STAR MOROVIS LLC,US,DE,804389.372216,309452-112,"STAR MOROVIS MANAGER, CORP."
651,3,US369275978L,STAR MOROVIS LLC,US,DE,804389.372216,309453-1532,"STAR MOROVIS, LLC"
651,4,US369275978L,STAR MOROVIS LLC,US,DE,804389.372216,309453-1532,"STAR MOROVIS, LLC"
652,1,US374870618L,"ROGO HOUSING OF DELAWARE, INC.",US,DE,804389.372216,362238-112,ROGO HOUSING OF DELAWARE INC.
653,1,US370758014L,SV MANAGING MEMBER CORP.,US,DE,804389.372216,381668-112,SV MANAGING MEMBER CORP.
654,1,US371580572L,PORTAL DE SABRINA LLC,US,DE,804389.372216,408816-1512,PORTAL DE SABRINA LLC
655,1,US408570758L,MJ HOLDINGS CREATION LLC,US,TX,804389.372216,455094-1512,MJ HOLDINGS CREATION LLC
656,1,US358206476L,MCUS,US,VA,804389.372216,468667-1512,"MCUS, LLC"
657,1,US346179176L,"ROD-HI ENTERPRISES, LLC",US,FL,804389.372216,495783-1512,ROD-HI ENTERPRISES LLC
658,1,US402767108L,BLUE HERON-NA LLC,US,OR,804389.372216,502430-1512,BLUE HERON-NA LLC
659,1,US325501067L,WAR HAMMER MANAGEMENT LLC,US,CA,804389.372216,512937-1512,WAR HAMMER MANAGEMENT LLC
660,1,US351110453L,ACG JM PR LLC,US,DE,804389.372216,518079-1512,ACG JM PR LLC
661,1,US368715746L,BP FAROS DEL OESTE SPV LLC,US,DE,804389.372216,918-1532,"BP FAROS DEL OESTE SPV, LLC"
662,1,US374387576L,"LAJAS SOLAR PROJECT, LLC",US,DE,804389.372216,1267-1532,"LAJAS SOLAR PROJECT, LLC"
663,1,US303702293L,"U.S.S.C. PUERTO RICO (NY), INC.",US,MA,804389.372216,5620-112,"U.S.S.C. PUERTO RICO (NY), INC."
664,1,US349907474L,MARRIOTT PR MANAGEMENT CORP,US,DC,804389.372216,9009-112,MARRIOTT P.R. MANAGEMENT CORPORATION
665,1,US368159822L,"METROPOLITAN HOUSING FOR THE ELDERLY, LLC",US,DE,804389.372216,453-1532,"METROPOLITAN HOUSING FOR THE ELDERLY, LLC"
666,1,US313273583L,"JORICO PROPERTIES, LLC",US,MD,804389.372216,467-1532,"JORICO PROPERTIES, LLC"
667,1,US370003013L,"ABLE SALES SOLAR 1, LLC",US,DE,804389.372216,1543-1512,"ABLE SALES SOLAR 1, LLC"
668,1,US366120701L,PCCI RESOURCES INC,US,DE,804389.372216,12287-112,PCCI RESOURCES INC.
669,1,US374777408L,VEGA BAJA APARTMENTS MANAGER CORP.,US,DE,804389.372216,305466-112,"VEGA BAJA APARTMENTS MANAGER, CORP."
670,1,US372376358L,CE PASSIONIST CSGPR LLC,US,DE,804389.372216,462222-1512,CE PASSIONIST CSGPR  LLC
671,1,US358176137L,"SUNNOVA HELIOS X ISSUER, LLC",US,TX,804389.372216,487928-1512,"SUNNOVA HELIOS X ISSUER, LLC"
672,1,US392754701L,GOLDI SOLAR INC.,US,DE,804389.372216,499057-112,GOLDI SOLAR  INC.
673,1,US346976306L,"PR LAND ACQUISITIONS, INC.",US,FL,804389.372216,500130-112,PR LAND ACQUISITIONS INC.
674,1,US395991941L,AUGMENT RISK SERVICES LLC,US,FL,804389.372216,528748-1512,AUGMENT RISK SERVICES L.L.C.
675,1,US410662818L,GENPACT SERVICES LLC,US,TX,804389.372216,86-1532,GENPACT SERVICES LLC
676,1,US405548309L,KGPCO SERVICES LLC,US,MI,804389.372216,317405-1532,"KGPCO SERVICES, LLC"
677,1,US370413143L,270 PR UNIT R LLC,US,DE,804389.372216,353188-1512,270 PR UNIT R  LLC
678,1,US371217623L,"BOSCO PUERTO RICO, LLC",US,DE,804389.372216,407394-1512,BOSCO PUERTO RICO LLC
679,1,US309801554L,KRYPTONITE MINE LLC,US,MO,804389.372216,414366-1512,KRYPTONITE MINE  LLC
680,1,US372492770L,TCS TECH NETWORK LLC,US,DE,804389.372216,435306-1512,TCS TECH NETWORK LLC
681,1,US372634673L,PSEG PUERTO RICO LLC,US,DE,804389.372216,436933-1512,PSEG PUERTO RICO LLC
682,1,US329378003L,PRAK INDUSTRIES LLC,US,,804389.372216,441320-1511,"PRAK INDUSTRIES, LLC"
683,1,US366223325L,JANMAAT CAPITAL LLC,US,DE,804389.372216,467324-1512,"JANMAAT CAPITAL, LLC"
684,1,US376058537L,ELR II LLC,US,IL,804389.372216,467750-1512,ELR II LLC
685,1,US365294816L,LOCSAUN AMERICA INC.,US,DE,804389.372216,468196-112,LOCSAUN AMERICA INC.
686,1,US350822201L,SARGUS LLC,US,DE,804389.372216,468617-1512,SARGUS  LLC
687,1,US353731907L,SK FILM PROJECT LLC,US,DE,804389.372216,478526-1512,SK FILM PROJECT LLC
688,1,US392508347L,SPINTWO LLC,US,MD,804389.372216,507313-1512,SPINTWO LLC
689,1,US389616332L,SIRIUS XM RADIO INC.,US,DE,804389.372216,14774-112,"SIRIUS XM RADIO, INC."
690,1,US378792065L,AMADA AMERICA INC - LADIES,US,NC,804389.372216,311823-112,"AMADA AMERICA, INC."
691,1,US369848408L,"ERCA HOUSING OF DELAWARE, INC.",US,DE,804389.372216,333837-112,ERCA HOUSING OF DELAWARE INC.
692,1,US369107144L,BP AMERICA INC.,US,DE,804389.372216,393788-1512,BP LATIN AMERICA LLC
693,1,US371411738L,"BAKKT CRYPTO SOLUTIONS, LLC",US,DE,804389.372216,432456-1512,"BAKKT CRYPTO SOLUTIONS, LLC"
694,1,US366303425L,"COMINO FILM TRANSPORTATION, LLC",US,DE,804389.372216,446185-1512,"COMINO FILM TRANSPORTATION, LLC"
695,1,US349317776L,NYDIG CUSTODY LLC,US,MI,804389.372216,459932-1512,NYDIG CUSTODY LLC
696,1,US377121683L,"PRESTIGE EMPLOYEE ADMINISTRATORS, LLC",US,MI,804389.372216,467873-1512,"PRESTIGE EMPLOYEE ADMINISTRATORS, LLC"
697,1,US351133433L,"JLC 2052 CALLE ESPANA QOF, LLC",US,DE,804389.372216,474888-1512,"JLC 2052 CALLE ESPANA QOF, LLC"
698,1,US358148405L,PLAYA AZUL 605 LLC,US,DE,804389.372216,493222-1512,PLAYA AZUL 605 LLC
699,1,US375449156L,HELIOS GENESIS GP LLC,US,DE,804389.372216,498398-1512,HELIOS GENESIS GP LLC
700,1,US276850082L,ISLA NENA,US,PA,804389.372216,502014-1512,ISLA NENA LLC
701,1,US401400944L,PONCE DE LEON DEVELOPER LLC,US,DE,804389.372216,502312-1512,PONCE DE LEON DEVELOPER LLC
702,1,US376422602L,NJRLEO LLC,US,TX,804389.372216,507319-1512,NJRLEO LLC
703,1,US379908329L,"SUNRUN JULIUS PLEDGOR 2023-2, LLC",US,CA,804389.372216,511890-1512,"SUNRUN JULIUS PLEDGOR 2023-2, LLC"
704,1,US380859221L,CADENCE AM SERVICES LLC,US,TN,804389.372216,513607-1512,CADENCE AM SERVICES LLC
705,1,US401927273L,PARSONS ENVIRONMENT & INFRASTRUCTURE GROUP INC.,US,NM,804389.372216,531575-112,PARSONS ENVIRONMENT & INFRASTRUCTURE GROUP INC.
706,1,US368279534L,"CTP PLAZA, LLC",US,DE,804389.372216,499-1532,"CTP PLAZA, LLC"
707,1,US363291467L,MISION EVANGELISMO MUNDIAL,US,MA,804389.372216,473-122,MISION EVANGELIO MUNDIAL INC.
708,1,US367793261L,"SABANA SECA PARTNERS, LLC",US,DE,804389.372216,574-1532,"SABANA SECA PARTNERS, LLC"
709,1,US375011528L,TRADEWINDS ENERGY BARCELONETA LLC,US,DE,804389.372216,1236-1532,TRADEWINDS ENERGY BARCELONETA LLC
710,1,US410300436L,WORLDVUE CONNECT INC,US,TX,804389.372216,13203-112,"WORLD CINEMA, INC."
711,1,US369064793L,CDETA MANAGER CORP,US,DE,804389.372216,311055-112,"CDETA MANAGER, CORP."
712,1,US303853931L,GENAMERICA MANAGEMENT CORPORATION,US,NY,804389.372216,366465-112,GENAMERICA MANAGEMENT CORPORATION
713,1,US407907746L,"MITSUBISHI TANABE PHARMA AMERICA, INC.",US,NY,804389.372216,396001-112,"MITSUBISHI TANABE PHARMA AMERICA, INC."
714,1,US371586557L,VIDA HERMOSA LLC,US,DE,804389.372216,408628-1512,VIDA HERMOSA LLC
715,1,US313004087L,FERME ATABEIRA L.L.C.,US,DC,804389.372216,439873-1512,FERME ATABEIRA  L.L.C.
716,1,US380323799L,"BQN OF UTAH, LLC",US,UT,804389.372216,473724-1512,"BQN OF UTAH, LLC"
717,1,US406731521L,AVASO FEDERAL SOLUTIONS INC.,US,GA,804389.372216,481192-112,AVASO FEDERAL SOLUTIONS INC.
718,1,US372385838L,SWISH ANALYTICS PENNSYLVANIA INC.,US,DE,804389.372216,484318-112,SWISH ANALYTICS PUERTO RICO INC.
719,1,US353751098L,SQUARE MOBILE INC,US,DE,804389.372216,496263-112,"SQUARE MOBILE, INC."
720,1,US359288591L,GOMOAD LLC,US,DE,804389.372216,495856-1512,GOMOAD LLC
721,1,US375848624L,STAR SAGRADO LLC,US,DE,804389.372216,500096-1512,STAR SAGRADO LLC
721,2,US375848624L,STAR SAGRADO LLC,US,DE,804389.372216,500096-1512,STAR SAGRADO LLC
721,3,US375848624L,STAR SAGRADO LLC,US,DE,804389.372216,500135-112,STAR SAGRADO MANAGER CORP.
721,4,US375848624L,STAR SAGRADO LLC,US,DE,804389.372216,500135-112,STAR SAGRADO MANAGER CORP.
722,1,US406301036L,BARRIO FINO FILM LLC,US,FL,804389.372216,502529-1512,BARRIO FINO FILM LLC
723,1,US401900381L,TEAMMB GETAWAYS LLC,US,MO,804389.372216,513592-1512,TEAMMB GETAWAYS LLC
724,1,US395644016L,MOVIMIENTO INTERNACIONAL LUGAR DE PROPOSITOS INC,US,PA,804389.372216,521240-122,MOVIMIENTO INTERNACIONAL  LUGAR DE PROPOSITOS INC.
725,1,US383420645L,MASTERS RESOURCE LLC,US,MO,804389.372216,522959-1512,MASTERS RESOURCE LLC
726,1,US318611492L,"IVAX LABORATORIES PUERTO RICO, INC.",US,FL,804389.372216,12288-112,"IVAX LABORATORIES PUERTO RICO, INC."
727,1,US369664601L,"ARC DBGESRG001, LLC",US,DE,804389.372216,333261-1512,"ARC DBGESRG001,  LLC"
728,1,US370411211L,270 PR UNIT 4 LLC,US,DE,804389.372216,353209-1512,270 PR UNIT 4  LLC
729,1,US375049181L,"VISTAS DEL BOULEVARD, LLC",US,DE,804389.372216,360968-1512,"VISTAS DEL BOULEVARD, LLC"
730,1,US303708722L,ALEX SPEEDY SERVICES CORP,US,NY,804389.372216,378385-112,ALEX SPEEDY SERVICES CORPORATION
731,1,US359126924L,ONE SALINAS INDUSTRIAL LLC,US,DE,804389.372216,493791-1512,ONE SALINAS INDUSTRIAL LLC
732,1,US379908500L,TERRAFORM LUMINACE US OPERATIONS SERVICES LLC,US,NY,804389.372216,494813-1512,"TERRAFORM LUMINACE US OPERATIONS SERVICES, LLC"
733,1,US378504680L,"AMBOR STRUCTURES, INC.",US,FL,804389.372216,520451-112,"AMBOR STRUCTURES, INC."
734,1,US380333015L,DIEMAND ENTERPRISES LLC,US,MT,804389.372216,518441-1512,"DIEMAND ENTERPRISES, LLC"
735,1,US365617232L,HOLMES MURPHY & ASSOCIATES LLC,US,MN,803644.071941,385830-1512,"HOLMES, MURPHY AND ASSOCIATES, LLC"
736,1,IN001570615IND,RPSG VENTURES LIMITED,IN,,803193.463837,14802-112,AMERICAN RECOVERY SERVICE INCORPORATED
736,2,IN001570615IND,RPSG VENTURES LIMITED,IN,,803193.463837,482554-1512,"FIRSTSOURCE HEALTH PLANS AND HEALTHCARE SERVICES, LLC"
736,3,IN001570615IND,RPSG VENTURES LIMITED,IN,,803193.463837,441609-112,SOURCEPOINT FULFILLMENT SERVICES INC.
737,1,US327191015L,MOLSON COORS PUERTO RICO LLC,US,WI,799711.295263,148-1532,MOLSON COORS PUERTO RICO LLC
738,1,US370413140L,270 PR UNIT 6-11 LLC,US,DE,799331.549661,353089-1512,270 PR UNIT 6-11  LLC
739,1,US293545196L,APPLE PAYMENTS INC.,US,CA,795151.353196,420004-112,APPLE PAYMENTS INC.
740,1,US363562655L,TEPDB OPCO LLC,US,MN,793684.665286,435732-1512,"TEPDB OPCO, LLC"
741,1,US359870231L,"SUZOHAPP GAMING SOLUTIONS, LLC",US,MN,790971.939997,509413-1512,"SUZOHAPP GAMING SOLUTIONS,  LLC"
742,1,US352132343L,"TOTE SHIPHOLDINGS, LLC",US,FL,788226.455776,363136-112,TOTE SHIPHOLDINGS LLC
743,1,DO11568SDQ,INDUSTRIAS BANILEJAS,DO,,782416.191407,15261-112,"INDUSTRIAS BANILEJAS, SAS"
744,1,US368212646L,"WYNDHAM VACATION RESORTS PUERTO RICO, LLC",US,DE,781803.08794,436-1532,"WYNDHAM VACATION RESORTS PUERTO RICO, LLC"
745,1,US352038545L,"ALLERGAN SALES PUERTO RICO, INC.",US,IL,781803.08794,4752-112,"ALLERGAN SALES PUERTO RICO, INC."
746,1,US161651043L,SKY BANDITZ INTERNATIONAL,US,FL,781803.08794,494310-112,SKYBANDITZ INTERNATIONAL INC.
747,1,US366215573L,PHOENIX UNIVERSAL CAPITAL I LLC,US,DE,781803.08794,451822-1512,PHOENIX UNIVERSAL CAPITAL I LLC
748,1,US138804114L,ARECIBO SENIOR HOUSING INVESTORS,US,CA,781803.08794,58-1532,ARECIBO SENIOR HOUSING INVESTORS G.P. LLC
749,1,US150238005L,"FORTRA, LLC",US,MN,773755.308857,518886-1512,"FORTRA, LLC"
750,1,US*110158266456,LENDLEASE (US) PUBLIC PARTNERSHIPS LLC,US,,770534.27311,1151-1532,RE DEVELOPMENT MANAGEMENT LLC
751,1,US321810734L,FS CREIT ORIGINATOR LLC,US,PA,767013.595512,398166-1512,FS CREIT ORIGINATOR  LLC
752,1,US132986051L,ALORICA INC.,US,CA,764979.915442,496654-1512,"NCO GROUP INTERNATIONAL, LLC"
753,1,US350060624L,GARBEN INVESTMENT CORPORATION,US,NY,761747.599386,339376-112,GARBEN INVESTMENT CORPORATION
754,1,US266681324L,"JDL GP, LLC",US,TX,760742.863108,452062-1512,JDL-GP  LLC
755,1,US365496659L,ENGIE INSIGHT SERVICES INC.,US,MN,759790.135668,325064-112,ENGIE INSIGHT SERVICES INC CORPORATION
756,1,US365668304L,BROWN & BROWN METRO LLC,US,MN,755060.271035,367038-1512,"BROWN & BROWN METRO, LLC"
757,1,US258018722L,"BEACON SALES ACQUISITION, INC.",US,MA,753797.473982,420369-112,BEACON SALES ACQUISITION INC.
758,1,US173303334L,ROTHSCHILD INC,US,NY,751786.672274,409554-112,ROTHSCHILD  INC.
759,1,US358253693L,A-TO-BE USA LLC,US,IL,750826.536062,421225-1512,A-TO-BE USA LLC
