company_number_pr,boricua_corp_name,model_data_global_parent_bvdid,parent_company_name,parent_country_iso_code,parent_state,filial_operating_revenue_max_eur_th
1-412,"CUMIS INSURANCE SOCIETY, INC",US390230590,CMFG LIFE INSURANCE CO.,US,WI,4933444.213013
7-1532,PEÑUELAS TECHNOLOGY PARK LLC,US301128146,DOW INC.,US,MI,41118646.484596
14-1532,GE HEALTHCARE CARIBBEAN EXPORT LLC,US882515116,GE HEALTHCARE TECHNOLOGIES INC.,US,IL,18016935.64963
61-412,AMERICAN HOME ASSURANCE COMPANY,US132592361,AMERICAN INTERNATIONAL GROUP INC.,US,NY,32039240.596306
90-812,BDO USA CORP.,US253156829L,BDO USA LLP,US,IL,1809953.938846
125-1532,"VEOLIA ES TECHNICAL SOLUTIONS, L.L.C.",FR403210032,VEOLIA ENVIRONNEMENT,FR,,42150225.735829
133-412,FIDELITY AND DEPOSIT COMPANY OF MARYLAND,CHCHE101236480,ZURICH INSURANCE GROUP AG,CH,,36031138.162991
140-1532,VIATRIS PHARMACEUTICALS LLC,US135315170,PFIZER INC,US,NY,68532673.18605
158-122,THE ASSOCIATED PRESS,US135654887L,"ASSOCIATED PRESS USA LLC, THE",US,NY,931221.301536
58-1532,ARECIBO SENIOR HOUSING INVESTORS G.P. LLC,US138804114L,ARECIBO SENIOR HOUSING INVESTORS,US,CA,781803.08794
144-122,THE CHURCH OF JESUS CHRIST OF LATTER-DAY SAINTS,US131866329L,LDS FAMILY SERVICES,US,UT,1104640.886028
148-1532,MOLSON COORS PUERTO RICO LLC,US327191015L,MOLSON COORS PUERTO RICO LLC,US,WI,799711.295263
161-1532,"KEPNER-TREGOE PUERTO RICO, LLC",US366073046L,KEPNER-TREGOE PUERTO RICO LLC,US,DE,804389.372216
1-1533,DS REP B.V. LLC,US391434669,DENTSPLY SIRONA INC.,US,NC,3614076.309767
16-1532,"ORTHO BIOLOGICS, LLC",US221024240,JOHNSON & JOHNSON,US,NJ,78473051.094195
94-1532,ETHICON LLC,US221024240,JOHNSON & JOHNSON,US,NJ,78473051.094195
151-412,STEWART TITLE GUARANTY COMPANY,US741677330,STEWART INFORMATION SERVICES CORP,US,TX,2499537.618621
1-412,"CUMIS INSURANCE SOCIETY, INC",US390230590,CMFG LIFE INSURANCE CO.,US,WI,4933444.213013
2-1533,"HEWLETT PACKARD PUERTO RICO, BV LLC",US473298624,HEWLETT PACKARD ENTERPRISE COMPANY,US,CA,26847559.790228
68-812,DELOITTE TAX LLP,US144597670L,DELOITTE CONSULTING (HOLDING SUB) LLC,US,NY,1789800.221184
70-812,"DELOITTE, LLP",US144597670L,DELOITTE CONSULTING (HOLDING SUB) LLC,US,NY,1789800.221184
86-1532,GENPACT SERVICES LLC,US410662818L,GENPACT SERVICES LLC,US,TX,804389.372216
191-412,NATIONWIDE LIFE INSURANCE COMPANY,US314177100,NATIONWIDE MUTUAL INSURANCE CO.,US,OH,16409863.502762
255-1532,"FIRSTSOURCE ADVANTAGE, LLC",US365650139L,FIRSTSOURCE ADVANTAGE LLC,US,MN,1152801.769573
261-1532,"MONSANTO CARIBE, LLC",US431878297,MONSANTO CO,US,MO,7560535.900649
301-122,AARP,US131197635L,AMERICAN ASSOCIATION OF RETIRED PERSONS (FN),US,DC,5217516.0979
317-122,"AMERICAN HEART ASSOCIATION, INC.",US129577761L,AMERICAN HEART ASSOCIATION INC.,US,TX,1906995.10209
335-112,SOL PUERTO RICO LIMITED,GB04306979,SOL INVESTMENTS LIMITED,GB,,882933.928219
339-1531,CROWN CASTLE PR LLC,US378817922L,CROWN CASTLE PR LLC,US,PR,1015546.633334
409-1532,"KADMON PHARMACEUTICALS, LLC",FR395030844,SANOFI,FR,,43855809.660462
168-1532,AFL TELECOMMUNICATIONS LLC,JP2010601007861,FUJIKURA LTD,JP,,5567405.03056
303-312,"CITIBANK, N.A.",US521568099,CITIGROUP INC,US,NY,69636879.590031
407-122,"NOVA SOUTHEASTERN UNIVERSITY, INC.",US130941100L,NOVA SOUTHEASTERN UNIVERSITY INC.,US,FL,960998.023423
231-412,METROPOLITAN LIFE INSURANCE COMPANY,US134075851,METLIFE INC.,US,NY,50665336.662383
293-412,ALLSTATE INSURANCE COMPANY,US363871531,THE ALLSTATE CORP.,US,IL,46007149.12791
324-1532,"JANSSEN-CILAG MANUFACTURING, LLC",US221024240,JOHNSON & JOHNSON,US,NJ,78473051.094195
413-1532,FORD MOTOR CREDIT COMPANY LLC,US380549190,FORD MOTOR CO,US,MI,162358071.381886
436-1532,"WYNDHAM VACATION RESORTS PUERTO RICO, LLC",US368212646L,"WYNDHAM VACATION RESORTS PUERTO RICO, LLC",US,DE,781803.08794
453-122,"ASOCIACION DE CAPELLANES AHIEZER, INC.",US317843624L,"ASOCIACION DE CAPELLANES AHIEZER,INC.",US,FL,831268.468123
453-1532,"METROPOLITAN HOUSING FOR THE ELDERLY, LLC",US368159822L,"METROPOLITAN HOUSING FOR THE ELDERLY, LLC",US,DE,804389.372216
460-1532,"NEW HOLLAND CREDIT COMPANY, LLC",NL56532474,CNH INDUSTRIAL N.V,NL,,21630095.72292
464-1532,"BROWN-FORMAN-WORLDWIDE, L.L.C.",US371054834L,"WOLF PEN BRANCH, LP",US,DE,3896056.540388
485-122,CNA CORPORATION,US132646102,LOEWS CORP.,US,NY,8016038.953733
493-412,"CUMIS INSURANCE SOCIETY, INC",US390230590,CMFG LIFE INSURANCE CO.,US,WI,4933444.213013
495-412,CMFG LIFE INSURANCE COMPANY,US390230590,CMFG LIFE INSURANCE CO.,US,WI,4933444.213013
498-122,UNIVERSITY OF MIAMI,US131211611L,THE UNIVERSITY OF MIAMI,US,FL,2473280.766624
499-1532,"CTP PLAZA, LLC",US368279534L,"CTP PLAZA, LLC",US,DE,804389.372216
520-122,"RECYCLING FOR A BETTER TOMORROW, A SCHNITZER STEEL INDUSTRIES CHARITABLE FOUNDATION CORPORATION",US930341923,RADIUS RECYCLING INC,US,OR,2655937.240994
530-122,BATTELLE MEMORIAL INSTITUTE,US128528655L,"BATTELLE MEMORIAL INSTITUTE, INC.",US,OH,1035065.188155
546-112,MCCANN-ERICKSON CORPORATION (SA.),US131024020,INTERPUBLIC GROUP OF COMPANIES INC,US,NY,10034364.253604
580-112,E.R. SQUIBB & SONS INTER-AMERICAN CORPORATION,US220790350,BRISTOL-MYERS SQUIBB COMPANY,US,NY,41472536.028061
621-1532,"NEUTRAL TANDEM-PUERTO RICO, LLC",SE5568828908,SINCH AB,SE,,2449869.639874
624-1532,"SBA 2012 TC ASSETS PR, LLC",US349866461L,"SBA 2012 TC ASSET, LLC",US,NC,863443.176812
650-1532,VERTEX AEROSPACE LLC,US348959429L,"VERTEX HOLDCO, INC.",US,DE,2663897.431266
714-1532,"GTP TOWERS I, LLC",US650723837,AMERICAN TOWER CORPORATION,US,MA,9870169.66393
509-122,ONESIGHT,IT00891030272,LUXOTTICA GROUP SPA,IT,,9420912.463049
556-1532,"PERSHING, LLC",US132614959,THE BANK OF NEW YORK MELLON CORPORATION,US,NY,15091229.381178
668-1532,"WIELAND METAL SERVICES CARIBE, LLC",DE8270229075,SCHWENK DONAU GMBH & CO. KG,DE,,6545532.392911
467-1532,"JORICO PROPERTIES, LLC",US313273583L,"JORICO PROPERTIES, LLC",US,MD,804389.372216
473-122,MISION EVANGELIO MUNDIAL INC.,US363291467L,MISION EVANGELISMO MUNDIAL,US,MA,804389.372216
481-122,"MINISTERIO EVANGELISTICO MI CRISTO VIVE, INC.",US308769005L,"MINISTERIO EVANGELISTICO MI CRISTO VIVE, INC.",US,FL,890921.480133
484-122,UNITED STATES FUND FOR UNICEF,US127608505L,UNITED STATES FUND FOR UNICEF,US,NY,977389.065393
632-1532,ALLY US LLC,US380572512,ALLY FINANCIAL INC,US,MI,8933062.602119
493-412,"CUMIS INSURANCE SOCIETY, INC",US390230590,CMFG LIFE INSURANCE CO.,US,WI,4933444.213013
505-112,INTERNATIONAL BUSINESS MACHINES CORPORATION,US130871985,INTERNATIONAL BUSINESS MACHINES CORP,US,NY,76429416.190344
545-1532,"ORBITZ WORLDWIDE, LLC",US202705720,"EXPEDIA GROUP, INC.",US,WA,11830994.052408
574-1532,"SABANA SECA PARTNERS, LLC",US367793261L,"SABANA SECA PARTNERS, LLC",US,DE,804389.372216
757-1532,"PEP PUERTO RICO, LLC",GBJE111714,WPP PLC (NEW),GB,,16045481.885945
759-112,DOW CHEMICAL INTER-AMERICAN LIMITED,US301128146,DOW INC.,US,MI,41118646.484596
767-1532,SAP PUERTO RICO GMBH LLC,DE7050001788,SAP SE,DE,,30341839.493679
785-1532,USI INSURANCE SERVICES LLC,US164888562L,USI INSURANCE SERVICES LLC (DE),US,NY,1875118.094483
811-1532,"CHANGE HEALTHCARE PUERTO RICO, LLC",US411321939,UNITEDHEALTH GROUP INC.,US,MN,298711641.247927
814-1532,"WORLDPAC PUERTO RICO, LLC",US542049910,"ADVANCE AUTO PARTS, INC.",US,NC,10278945.854596
855-1532,ADVANTAGE SALES & MARKETING LLC,US*B000097055,KARMAN TOPCO LP,US,,3731794.958467
870-1532,"GTP INFRASTRUCTURE III, LLC",US650723837,AMERICAN TOWER CORPORATION,US,MA,9870169.66393
901-1532,NATIONSTAR MORTGAGE LLC,US911653725,MR. COOPER GROUP INC.,US,TX,1682638.849413
918-1532,"BP FAROS DEL OESTE SPV, LLC",US368715746L,BP FAROS DEL OESTE SPV LLC,US,DE,804389.372216
977-1532,FCA SERVICE CONTRACTS LLC,NL60372958,STELLANTIS N.V.,NL,,176513883.492735
1032-1512,"GUY CARPENTER & COMPANY, LLC",US313496132L,GUY CARPENTER & CO LLC,US,DE,1072784.643925
1092-1512,SUNRISE MEDICAL (US) LLC,US135628003L,SUNRISE MEDICAL (US) LLC,US,MO,1079313.208941
1099-1532,"WALKER & DUNLOP, LLC",US800629925,WALKER & DUNLOP INC,US,MD,908555.627424
1170-1532,"GLOBAL TOWER SERVICES, LLC",US313228196L,"GLOBAL TOWER SERVICES, LLC",US,DE,1694044.947668
1106-112,"MERRILL LYNCH, PIERCE, FENNER & SMITH INCORPORATED",US560906609,BANK OF AMERICA CORPORATION,US,NC,86841049.993501
1151-1532,RE DEVELOPMENT MANAGEMENT LLC,US*110158266456,LENDLEASE (US) PUBLIC PARTNERSHIPS LLC,US,,770534.27311
1006-1532,"ARC AZSNJPR001, LLC",US330580106,REALTY INCOME CORP,US,CA,3081164.221252
1236-1532,TRADEWINDS ENERGY BARCELONETA LLC,US375011528L,TRADEWINDS ENERGY BARCELONETA LLC,US,DE,804389.372216
1243-112,SEALY MATTRESS COMPANY OF PUERTO RICO,US331022198,"TEMPUR SEALY INTERNATIONAL, INC.",US,KY,4538698.981918
1267-1532,"LAJAS SOLAR PROJECT, LLC",US374387576L,"LAJAS SOLAR PROJECT, LLC",US,DE,804389.372216
1271-1532,"SOLAR PROJECT SAN JUAN, LLC",US*110313172796,SOLAR PROJECT SAN JUAN LLC,US,,804389.372216
1298-1532,"LANDFILL GAS TECHNOLOGIES OF FAJARDO, LLC",US369247775L,"LANDFILL GAS TECHNOLOGIES OF FAJARDO, LLC",US,DE,804389.372216
1321-1532,"ASHFIELD HEALTHCARE, LLC",KY*110321173408,"CD&R ULYSSES, L.P.",KY,,1178762.786024
1323-1532,"NPAS SOLUTIONS, LLC",US273865930,"HCA HEALTHCARE, INC.",US,TN,59867341.128483
1361-1532,"ALVAREZ & MARSAL PUBLIC SECTOR SERVICES, LLC",US383075672L,ALVAREZ & MARSAL PUBLIC SECTOR SERVICES LLC,US,NY,804389.372216
1514-1532,EXTENDED VEHICLE PROTECTION LLC,NL60372958,STELLANTIS N.V.,NL,,176513883.492735
1520-1532,NOVOMATIC AMERICAS SALES LLC,AT9111373766,JFG PRIVATSTIFTUNG,AT,,2465013.942413
1543-1512,"ABLE SALES SOLAR 1, LLC",US370003013L,"ABLE SALES SOLAR 1, LLC",US,DE,804389.372216
1554-1512,"CDK GLOBAL, LLC",CA90013NC,BROOKFIELD CORPORATION,CA,ON,85485563.685245
1330-1512,LPL FINANCIAL LLC,US203717839,LPL FINANCIAL HOLDINGS INC.,US,MA,9263593.10254
1424-1532,"NORESCO PUERTO RICO, LLC",US834051582,CARRIER GLOBAL CORP,US,FL,20363050.239532
1556-1512,"ADP, INC.",US333164960L,A.D.P. LLC,US,CA,886649.549442
1518-1532,MERCK SHARP & DOHME (I.A.) LLC,US221918501,"MERCK & CO., INC.",US,NJ,55395284.228487
1297-112,"ARAMARK SERVICES OF PUERTO RICO, INC.",US208236097,ARAMARK,US,PA,17373610.108331
1698-112,XEROX CORPORATION,US833933743,XEROX HOLDINGS CORPORATION,US,CT,6345370.24597
2132-112,"FLUOR DANIEL CARIBBEAN, INC.",US330927079,FLUOR CORP,US,TX,12664945.251354
1878-112,KIMBERLY-CLARK COMMERCIAL INC.,US390394230,KIMBERLY CLARK CORP,US,TX,18826923.52805
1990-112,"KELLY SERVICES, INC.",US381510762,KELLY SERVICES INC,US,MI,5068614.237162
2430-112,DIEBOLD NIXDORF INCORPORATED,US340183970,"DIEBOLD NIXDORF, INC",US,OH,3998775.277567
2523-112,"DELTA AIR LINES, INC.",US580218548,"DELTA AIR LINES, INC.",US,GA,53490606.162624
2503-112,"MARS, INCORPORATED",US132070844L,"MARS, INCORPORATED (HQ)",US,VA,24769372.469079
2721-112,ECOLAB MANUFACTURING INC.,US410231510,ECOLAB INC,US,MN,14117399.843358
2855-112,"PPG INDUSTRIES, INC.",US250730780,PPG INDUSTRIES INC,US,PA,16813501.47096
2872-112,"CARIBBEAN REFRESCOS, INC.",US580628465,COCA-COLA COMPANY (THE),US,GA,42161801.480203
3068-112,"FLAGG BROS. OF PUERTO RICO, INC.",US620211340,GENESCO INC,US,TN,2197649.448259
3511-112,"B, F & K MANAGEMENT COMPANY, INC.",US3511-112,"B, F & K MANAGEMENT COMPANY, INC",US,PR,914402.253747
3360-112,"H & R BLOCK, INC.",US440607856,"H&R BLOCK, INC.",US,MO,3334235.533825
3578-112,"AMERICAN AIRLINES, INC.",US751825172,AMERICAN AIRLINES GROUP INC.,US,TX,48643587.109519
3814-112,"AVON PRODUCTS, INC.",KR1101110003543,LG CORP.,KR,,6299313.256644
3837-112,BECKMAN COULTER PUERTO RICO INC.,US591995548,DANAHER CORP,US,DC,22014387.951795
3889-112,FOXBORO CONTROLES S.A.,FR542048574,SCHNEIDER ELECTRIC SE,FR,,36557033.758083
4091-112,"VEOLIA WTS INTERNATIONAL USA, INC.",FR403210032,VEOLIA ENVIRONNEMENT,FR,,42150225.735829
4032-112,"SAFETY-KLEEN ENVIROSYSTEMS COMPANY OF PUERTO RICO, INC.",US042997780,CLEAN HARBORS INC,US,MA,4760972.625161
4495-112,"SYNTEX PUERTO RICO, INC.",CHCHE111788344,ARTUMA HOLDING GMBH,CH,,65267114.415531
4643-112,ELECTROLUX PUERTO RICO CORPORATION,SE5560094178,AB ELECTROLUX,SE,,12338193.557897
4752-112,"ALLERGAN SALES PUERTO RICO, INC.",US352038545L,"ALLERGAN SALES PUERTO RICO, INC.",US,IL,781803.08794
4957-1512,"WHEELS, LLC",US367519823L,"SJC WHEELS, LLC",US,DE,1346374.348928
4687-112,"CROWN BEVERAGE PACKAGING PUERTO RICO, INC.",US753099507,"CROWN HOLDINGS, INC.",US,PA,11067080.62222
5457-112,TEXTRON INC.,US050315468,TEXTRON INC,US,RI,13080358.370348
5011-112,THE SHERWIN-WILLIAMS COMPANY,US340526850,SHERWIN WILLIAMS COMPANY (THE),US,OH,21242059.484381
5410-112,"JOHN CRANE CARIBE, LTD.",GB00137013,SMITHS GROUP PLC,GB,,3600487.757048
5539-112,"AVON-LOMALINDA, INC.",KR1101110003543,LG CORP.,KR,,6299313.256644
5590-112,"INSIGHT OPTICAL MANUFACTURING COMPANY OF FLORIDA, INC.",NL50338269,GRANDVISION B.V.,NL,,4126223.934549
6033-112,FEDERAL EXPRESS CORPORATION,US621721435,FEDEX CORP,US,TN,83076846.821042
5807-112,ILLINOIS TOOL WORKS INC.,US361258310,ILLINOIS TOOL WORKS INC,US,IL,14937190.740655
5625-112,AMWAY DE PUERTO RICO INC,US364790327L,AMWAY DE PUERTO RICO INC.,US,MI,1568005.990809
5620-112,"U.S.S.C. PUERTO RICO (NY), INC.",US303702293L,"U.S.S.C. PUERTO RICO (NY), INC.",US,MA,804389.372216
6193-112,HILTON INTERNATIONAL OF PUERTO RICO LLC,US274384691,HILTON WORLDWIDE HOLDINGS INC.,US,VA,9431447.846381
6371-112,ROCHE PRODUCTS INC.,CHCHE111788344,ARTUMA HOLDING GMBH,CH,,65267114.415531
6379-112,BOSE CORPORATION,US126254398L,BOSE CORPORATION,US,MA,1687606.285035
6479-112,EMD MILLIPORE CORPORATION,DE6050002994,E. MERCK KG,DE,,21850948.061583
6336-112,JOHNSON & JOHNSON INTERNATIONAL,US221024240,JOHNSON & JOHNSON,US,NJ,78473051.094195
6423-112,UBS FINANCIAL SERVICES INC.,CHCHE395345924,UBS GROUP AG,CH,,64283070.172538
6874-112,THE COCA-COLA COMPANY,US580628465,COCA-COLA COMPANY (THE),US,GA,42161801.480203
6985-112,"HYATT HOTELS OF PUERTO RICO, INC.",US201480589,HYATT HOTELS CORPORATION,US,IL,5428486.60674
6994-112,"UNITED PARCEL SERVICE, INC.",US582480149,UNITED PARCEL SERVICE INC,US,GA,94072799.682138
6995-112,UNITED PARCEL SERVICE CO.,US582480149,UNITED PARCEL SERVICE INC,US,GA,94072799.682138
7090-112,WHIRLPOOL CORPORATION,US381490038,WHIRLPOOL CORP,US,MI,19654689.927246
6597-112,"CARRIER (PUERTO RICO), INC.",US834051582,CARRIER GLOBAL CORP,US,FL,20363050.239532
6767-112,"RENTOKIL OF PUERTO RICO, INC.",GB05393279,RENTOKIL INITIAL PLC,GB,,4130161.456895
6786-112,"COLGATE PALMOLIVE DE PUERTO RICO, INC.",US131815595,COLGATE PALMOLIVE CO,US,NY,17929416.313726
7388-112,INTERGRAPH CORPORATION,SE5561904771,HEXAGON AB,SE,,5534371.770603
7395-112,"GENENTECH P.R. , INC.",CHCHE111788344,ARTUMA HOLDING GMBH,CH,,65267114.415531
7634-112,"BANCTEC (PUERTO RICO), INC.",US471347291,"EXELA TECHNOLOGIES, INC.",US,TX,992587.551482
7732-112,"GRAYBAR INTERNATIONAL, INC.",US130794380,"GRAYBAR ELECTRIC COMPANY, INC.",US,MO,9707327.820057
7787-112,LYONDELL CHEMICAL COMPANY,NL24473890,LYONDELLBASELL INDUSTRIES N.V.,NL,,47676908.326064
7633-112,ARAMARK UNIFORM MANUFACTURING COMPANY,US208236097,ARAMARK,US,PA,17373610.108331
8004-112,MYCOGEN SEEDS-PUERTO RICO CORPORATION,US824979096,"CORTEVA, INC",US,DE,16084581.584203
8118-112,"WESTERN AUTO OF PUERTO RICO, INC.",US542049910,"ADVANCE AUTO PARTS, INC.",US,NC,10278945.854596
8128-112,EQUITABLE FINANCIAL LIFE INSURANCE COMPANY,US900226248,EQUITABLE HOLDINGS INC.,US,NY,16891469.85568
8295-112,"CORTEVA AGRISCIENCE PUERTO RICO, INC.",US824979096,"CORTEVA, INC",US,DE,16084581.584203
8373-112,INTERBORO SYSTEMS CORPORATION,US372081938L,UNITE PARENT CORP.,US,DE,1050998.156781
8465-112,"JOSTENS, INC.",US363514169,NEWELL BRANDS INC.,US,GA,7494463.298907
8469-112,"NOVUS INTERNATIONAL, INC.",JP1010001008767,MITSUI & CO LTD,JP,,98765201.972789
8520-112,"PEPSICO PUERTO RICO, INC.",US131584302,PEPSICO INC,US,NY,84289563.158053
7971-112,ELI LILLY EXPORT S.A.,US350470950,ELI LILLY AND COMPANY,US,IN,31444965.912593
8161-112,"MCGRAW-HILL INTERAMERICANA, INC.",US131026995,S&P GLOBAL INC.,US,NY,11515847.590972
8503-112,"ARROW ELECTRONICS, INC.",US111806155,ARROW ELECTRONICS INC,US,CO,34806337.719719
8594-112,"CANON MEDICAL SYSTEMS USA, INC.",JP6010801003186,CANON INCORPORATED,JP,,28005310.231987
8463-112,J.P.MORGAN SECURITIES LLC,US132624428,JPMORGAN CHASE & CO,US,NY,135648759.816555
9054-112,"DE LAGE LANDEN FINANCIAL SERVICES, INC.",NL30046259,COOPERATIEVE RABOBANK U.A.,NL,,15686082.75996
9009-112,MARRIOTT P.R. MANAGEMENT CORPORATION,US349907474L,MARRIOTT PR MANAGEMENT CORP,US,DC,804389.372216
8894-112,WESCO ANIXTER PUERTO RICO INC.,US251723342,"WESCO INTERNATIONAL, INC.",US,PA,20627696.34124
9176-112,"LINCOLN FINANCIAL DISTRIBUTORS, INC.",US351140070,LINCOLN NATIONAL CORP,US,IN,17287138.505379
8632-112,"HAMILTON SUNDSTRAND DE PUERTO RICO, INC.",US060570975,RTX CORP,US,MA,63509074.731587
8813-112,BMO CAPITAL MARKETS CORP,CAFEB33408,BANK OF MONTREAL,CA,QC,19315346.774396
8859-112,CONGAR INTERNATIONAL CORPORATION,GB03236483,IMPERIAL BRANDS PLC,GB,,36710899.377952
8965-112,"UPS SUPPLY CHAIN SOLUTIONS, INC.",US582480149,UNITED PARCEL SERVICE INC,US,GA,94072799.682138
9109-112,"CHARLES SCHWAB & CO ., INC.",US943025021,"CHARLES SCHWAB CORPORATION, THE",US,TX,19227787.814466
9363-112,"UNITED AIRLINES, INC.",US362675207,"UNITED AIRLINES HOLDINGS, INC",US,IL,49499604.283211
9405-112,"PEP BOYS-MANNY, MOE & JACK OF PUERTO RICO, INC.",US133398766,ICAHN ENTERPRISES L.P.,US,FL,12862131.910428
9745-112,GLORY GLOBAL SOLUTIONS INC.,JP5140001058614,GLORY LTD.,JP,,1766329.122223
9908-112,"COMPASS GROUP USA, INC.",GB04083914,COMPASS GROUP PLC,GB,,35075178.139173
9936-112,MANPOWERGROUP  INC.,US391672779,MANPOWERGROUP INC.,US,WI,19206278.531438
9481-112,"CCL PUERTO RICO, INC.",CA*H00089252167,1281228 ONTARIO INC,CA,,4323404.1432
9946-112,"W.L. GORE & ASSOCIATES, INC.",US149091618L,"W.L. GORE & ASSOCIATES, INC.",US,DE,1875118.094483
10067-112,"NTT DATA EAS, INC.",US364836272L,"NTT DATA EAS, INC.",US,IL,804389.372216
10069-112,"AVERITT EXPRESS, INC.",US128990888L,"AVERITT EXPRESS, INC.",US,TN,1964186.203971
10139-112,"MITSUBISCHI ELECTRIC POWER PRODUCTS, INC.",JP4010001008772,MITSUBISHI ELECTRIC CORPORATION,JP,,34543374.878329
10233-112,"THE RITZ-CARLTON HOTEL COMPANY OF PUERTO RICO, INC.",US522055918,MARRIOTT INTERNATIONAL INC,US,MD,21851280.719099
10344-112,"FMC AGRICULTURAL CARIBE INDUSTRIES, LTD.",US940479804,FMC CORP,US,PA,4134535.76501
10544-112,"CHICO'S FAS, INC.",KY30346FH,DAPHNE INTERNATIONAL HOLDINGS LIMITED,KY,,2436478.920706
10553-112,IGT,IT02324900030,B&D HOLDING S.P.A.,IT,,4372357.04651
10561-112,BECTON DICKINSON CARIBE LTD.,US220760120,"BECTON, DICKINSON AND COMPANY",US,NJ,17851070.400464
10575-112,"SOUTHEASTERN FREIGHT LINES, INC.",US120508262L,"SOUTHEASTERN FREIGHT LINES, INC.",US,SC,1078192.904328
10619-112,"STANLEY BLACK & DECKER, INC.",US060548860,"STANLEY BLACK & DECKER, INC.",US,CT,15889188.197224
10345-112,"CELANESE MICROCIRCUITS INDUSTRIES, LTD.",US980420726,CELANESE CORPORATION,US,TX,8913571.04826
10386-112,STRYKER CORPORATION,US381239739,STRYKER CORPORATION,US,MI,18888682.639949
10400-112,"CORECIVIC, INC.",US621763875,"CORECIVIC, INC.",US,TN,1763120.222479
10531-112,CISCO SYSTEMS (PUERTO RICO) CORP.,US770059951,CISCO SYSTEMS INC,US,CA,52522981.931491
10188-112,"SELECT PORTFOLIO SERVICING, INC",CHCHE395345924,UBS GROUP AG,CH,,64283070.172538
10280-112,FASTENAL COMPANY,US410948415,FASTENAL COMPANY,US,MN,6769908.505376
10586-112,KUEHNE + NAGEL INC.,CHCHE243263129,KUEHNE INVEST AG,CH,,39322818.38119
10137-112,"LILLY DEL CARIBE, INC.",US350470950,ELI LILLY AND COMPANY,US,IN,31444965.912593
10568-112,BUCKEYE MANAGEMENT COMPANY,US*909071960,RIVERSTONE HOLDINGS-D L.P,US,,2130445.258069
10774-112,HV GLOBAL MANAGEMENT CORPORATION,US452598330,MARRIOTT VACATIONS WORLDWIDE CORPORATION,US,FL,4290455.383781
10782-112,AON SERVICE CORPORATION,IE604607,AON PUBLIC LIMITED COMPANY,IE,,11499253.417697
10845-112,SAS INSTITUTE INC.,US149204549L,SAS INSTITUTE INC,US,NC,2391713.129514
10879-112,CORN PRODUCTS PUERTO RICO INC.,US223514823,INGREDION INCORPORATED,US,IL,7519347.555504
10933-112,"PVH PUERTO RICO, INC.",US131166910,PVH CORPORATION,US,NY,8315702.557585
10962-112,"COACH STORES PUERTO RICO, INC",US522242751,TAPESTRY INC,US,NY,6435448.990652
10982-112,STERIS CORPORATION,IE595593,STERIS PLC,IE,,4568594.295504
10992-112,"SIEMENS ENERGY, INC.",DE8171104214,SIEMENS ENERGY AG,DE,,30379130.3091
11001-112,"FORD INTERNATIONAL BUSINESS DEVELOPMENT, INCORPORATED",US380549190,FORD MOTOR CO,US,MI,162358071.381886
11036-112,M.A. MORTENSON COMPANY,US125832702L,M.A. MORTENSON COMPANY,US,MN,1813573.846723
11042-112,"AGILENT TECHNOLOGIES INTER-AMERICAS, INC",US770518772,AGILENT TECHNOLOGIES INC,US,CA,6296530.409356
11105-112,CLOROX COMMERCIAL COMPANY,US310595760,CLOROX CO,US,CA,6808886.567091
11161-112,FERROVIAL CONSTRUCCIÓN S.A.,NL73422134,FERROVIAL SE,NL,,2929638.722608
11196-112,"TRANSCORE ATLANTIC, LLC",US510263969,"ROPER TECHNOLOGIES, INC.",US,FL,5692771.76122
11234-112,"U.S.S.C. PUERTO RICO, INC.",IE545333,MEDTRONIC PUBLIC LIMITED COMPANY,IE,,28775334.976989
10952-112,THE STELLAR GROUP INC,US139109975L,"STELLAR GROUP, INC.",US,FL,827148.950053
10917-112,"GUIDANT PUERTO RICO, B.V.",US042695240,BOSTON SCIENTIFIC CORP,US,MA,13121994.56292
11431-112,BASF AGROCHEMICAL PRODUCTS B.V.,DE7150000030,BASF SE,DE,,85830136.053789
10780-112,CITIGROUP GLOBAL MARKETS INC.,US521568099,CITIGROUP INC,US,NY,69636879.590031
10929-112,BARD SHANNON LTD.,US220760120,"BECTON, DICKINSON AND COMPANY",US,NJ,17851070.400464
11557-412,FIRST AMERICAN TITLE INSURANCE COMPANY,US261911571,FIRST AMERICAN FINANCIAL CORPORATION,US,CA,6922644.103327
11587-112,BRISTOL-MYERS SQUIBB MANUFACTURING COMPANY UNLIMITED COMPANY,US220790350,BRISTOL-MYERS SQUIBB COMPANY,US,NY,41472536.028061
11814-112,"AMG DISTRIBUTORS, INC.",US365218571L,"MANAGERS DISTRIBUTORS, INC.",US,MN,804389.372216
11847-112,"TETRA TECH, INC.",US954148514,TETRA TECH INC,US,CA,3540769.134806
11916-112,"SPIRIT AIRLINES, INC.",US381747023,"SPIRIT AIRLINES, INC.",US,FL,4941533.688186
11959-112,"SKECHERS U.S.A., INC.",US954376145,SKECHERS USA INC,US,CA,7372223.180304
12015-112,RAYTHEON SERVICES COMPANY PUERTO RICO,US060570975,RTX CORP,US,MA,63509074.731587
12080-112,"DIVERSEY PUERTO RICO, INC.",US250082609L,SOLENIS LLC,US,DE,1614484.6041
12089-112,JETBLUE AIRWAYS CORPORATION,US870617894,JETBLUE AIRWAYS CORPORATION,US,NY,8860109.022999
11869-112,MARTINAIR HOLLAND N.V,NL33014286,KLM ROYAL DUTCH AIRLINES NV,NL,,12539000.0
11989-112,LINDE PUERTO RICO B.V.,IE606357,LINDE PUBLIC LIMITED COMPANY,IE,,30274609.501798
11664-112,"SERVICE SAVER, INCORPORATED",US391126612,ASSURANT INC.,US,NY,9222814.451389
12050-112,"AMO PUERTO RICO MANUFACTURING, INC.",US221024240,JOHNSON & JOHNSON,US,NJ,78473051.094195
11544-112,COSTCO WHOLESALE CORPORATION,US911223280,COSTCO WHOLESALE CORP,US,WA,226954000.0
12103-112,"BIO-RAD LABORATORIES, INC.",US941381833,BIO RAD LABORATORIES INC,US,CA,2627273.902574
11957-112,"LEXMARK INTERNATIONAL, INC.",CN9361527733,"ZHUHAI HENGXIN FENGYE TECHNOLOGY CO., LTD.",CN,,3261872.146535
11890-112,"GILEAD SCIENCES, INC.",US943047598,GILEAD SCIENCES INC,US,CA,29979794.151485
12119-112,ABBVIE BIOTECHNOLOGY LTD,US320375147,ABBVIE INC.,US,IL,53496112.980676
11897-112,MEDTRONIC PUERTO RICO  OPERATIONS CO.,IE545333,MEDTRONIC PUBLIC LIMITED COMPANY,IE,,28775334.976989
12199-112,PWJC INSURANCE SALES INCORPORATED,US12199-112,PWJC INSURANCE SALES INCORPORATED,US,PR,879056.793679
12287-112,PCCI RESOURCES INC.,US366120701L,PCCI RESOURCES INC,US,DE,804389.372216
12315-112,DOBLE ENGINEERING COMPANY,US431554045,ESCO TECHNOLOGIES INC,US,MO,880973.675024
12367-112,"VALMONT INDUSTRIES, INC.",US470351813,VALMONT INDUSTRIES INC,US,NE,4073928.450027
12396-112,"BRISTOL-MYERS SQUIBB HOLDINGS PHARMA, LTD. LIABILITY COMPANY",US220790350,BRISTOL-MYERS SQUIBB COMPANY,US,NY,41472536.028061
12506-112,"AMADEUS AIRPORT IT AMERICAS, INC.",ESA84236934,"AMADEUS IT GROUP, S.A.",ES,,4409012.310992
12609-112,YOH OF PUERTO RICO INC.,US366083597L,YOH OF PUERTO RICO INC,US,DE,804389.372216
12683-112,SOUTHWIRE COMPANY,US129820716L,SOUTHWIRE COMPANY LLC,US,GA,2027002.660137
12718-112,GUIDEHOUSE INC.,US302046311L,GUIDEHOUSE LLP,US,VA,844572.474805
12831-112,"GARTNER, INC.",US043099750,GARTNER INC,US,CT,5443198.823102
12517-112,S & C ELECTRIC COMPANY,US129819458L,S & C ELECTRIC CO,US,IL,2033483.250293
12759-112,"HONEYWELL INTERNATIONAL, INC.",US222640650,HONEYWELL INTERNATIONAL INC,US,NC,37284903.152844
12288-112,"IVAX LABORATORIES PUERTO RICO, INC.",US318611492L,"IVAX LABORATORIES PUERTO RICO, INC.",US,FL,804389.372216
12241-112,"PAYPAL, INC.",US472989869,"PAYPAL HOLDINGS, INC.",US,CA,27433638.751089
12615-112,"ABB, INC.",CHCHE101049653,ABB LTD,CH,,29704224.419494
12684-112,"EBSCO INDUSTRIES, INC.",US120186348L,EBSCO INDUSTRIES INC,US,AL,1668855.10409
12769-112,"APPLICATION ORIENTED DESIGNS, INC.",CA32520NC,CONSTELLATION SOFTWARE INC.,CA,ON,6102096.237819
12495-112,MAC LEAN-FOGG COMPANY,US134681188L,MAC LEAN-FOGG COMPANY,US,DE,874742.591077
13100-112,FORD MOTOR SERVICE COMPANY,US380549190,FORD MOTOR CO,US,MI,162358071.381886
13111-112,"SIGNATURE'S NATIONWIDE AUTO CLUB, INC",US363871531,THE ALLSTATE CORP.,US,IL,46007149.12791
13148-112,ABBVIE LTD,US320375147,ABBVIE INC.,US,IL,53496112.980676
13167-112,"EFACEC ENERGIA, MAQUINAS E EQUIPAMENTOS ELECTRICOS SA",DE8170797738,MUTARES SE & CO. KGAA,DE,,3687396.514364
13197-1512,"COINSTAR, LLC",US132282716L,"COINSTAR ASSET HOLDINGS, LLC",US,DE,2064505.022026
13203-112,"WORLD CINEMA, INC.",US410300436L,WORLDVUE CONNECT INC,US,TX,804389.372216
13509-112,"ABBOTT DIAGNOSTICS INTERNATIONAL, LTD",US360698440,ABBOTT LABORATORIES,US,IL,40225781.731675
13513-112,"SEDGWICK  CLAIMS MANAGEMENT SERVICES, INC.",US128966810L,"SEDGWICK CLAIMS MANAGEMENT SERVICES, INC.",US,TN,1527283.687957
13521-112,HUBBELL CARIBE LIMITED,US060397030,HUBBELL INC,US,CT,4951072.112608
13547-1512,"PERFORMANT TECHNOLOGIES, LLC",US365219285L,PERFORMANT TECHNOLOGIES LLC,US,MN,1421875.533607
13565-112,"INTEGRA CI, INC.",US510317849,INTEGRA LIFESCIENCES HOLDINGS CORP,US,NJ,1435371.937429
13577-112,CUTLER-HAMMER ELECTRICAL COMPANY,IE512978,EATON CORPORATION PLC,IE,,19122749.130365
13586-1512,MITSUBISHI POWER AERO   LLC,JP8010401050387,MITSUBISHI HEAVY INDUSTRIES LTD,JP,,29014301.024231
13612-112,"ITRON, INC.",US911011792,ITRON INC,US,WA,2227586.190032
12893-112,"TMS RE, INC.",CHCHE191546434,SWISS RE AG,CH,,41236612.737381
13073-112,FORMICA CORPORATION,US289426160L,FORMICA CORP,US,FL,1721369.122745
13318-112,"TBI OUTSOURCING PUERTO RICO, INC.",US367656845L,"TBI OUTSOURCING PUERTO RICO, INC.",US,DE,804389.372216
13380-112,ESTES EXPRESS LINES CORP.,US132186431L,ESTES EXPRESS LINES CORPORATION,US,VA,3078731.649977
13478-112,"AMAZON PAYMENTS, INC.",US365268422L,"AMAZON PAYMENTS, INC.",US,MN,878584.069841
13351-112,"ECI CUSTOMS BROKERAGE, INC.",IN31440FI,ALLCARGO LOGISTICS LIMITED,IN,,2019155.284981
12904-1512,IGT GLOBAL SERVICES LIMITED,IT02324900030,B&D HOLDING S.P.A.,IT,,4372357.04651
12975-112,L3HARRIS TECHNOLOGIES INC.,US340276860,"L3HARRIS TECHNOLOGIES, INC.",US,FL,17894396.968603
13163-112,MCKESSON CORPORATION,US943207296,MCKESSON CORPORATION,US,TX,285774740.394503
13197-1512,"COINSTAR, LLC",US132282716L,"COINSTAR ASSET HOLDINGS, LLC",US,DE,2064505.022026
13235-112,WILLIS TOWERS WATSON NORTHEAST INC.,IE475616,WILLIS TOWERS WATSON PUBLIC LIMITED COMPANY,IE,,8214150.787727
12905-112,NATIONAL BUILDING MAINTENANCE CORP.,US941369354,ABM INDUSTRIES INC,US,NY,7460746.478436
13110-112,N. HARRIS COMPUTER CORPORATION,CA32520NC,CONSTELLATION SOFTWARE INC.,CA,ON,6102096.237819
13583-112,ZIMMER MANUFACTURING  B.V.,US134151777,"ZIMMER BIOMET HOLDINGS, INC.",US,IN,6813667.620435
13619-112,TATA CONSULTANCY SERVICES LIMITED,IN0000021455,TATA SONS PRIVATE LIMITED,IN,,26955884.540191
13678-112,BAXTER HEALTHCARE  SA,US360781620,BAXTER INTERNATIONAL INC.,US,IL,2781700.211909
13701-112,"TFORCE FREIGHT, INC.",CA31283NC,TFI INTERNATIONAL INC.,CA,QC,8120606.756972
13716-112,VIRTUAL RADIOLOGIC CORPORATION,US650271219,PEDIATRIX MEDICAL GROUP INC,US,FL,1817195.497368
13754-112,ROYAL CARIBBEAN CRUISES LTD.,LR30002MX,ROYAL CARIBBEAN CRUISES LIMITED,LR,,12579179.874978
13776-112,"WIMBERLY ALLISON TONG & GOO NA, INC.",US362059034L,"WIMBERLY ALLISON TONG & GOO NA, INC.",US,DE,1285550.271882
13830-112,"TO-RICOS, LTD.",BR02916265000160,JBS S.A.,BR,,66209498.142434
13831-112,"TO-RICOS DISTRIBUTION, LTD.",BR02916265000160,JBS S.A.,BR,,66209498.142434
13854-1512,MECHANICAL  DYNAMICS & ANALYSIS LLC,JP8010401050387,MITSUBISHI HEAVY INDUSTRIES LTD,JP,,29014301.024231
13918-112,SIEMENS HEALTHCARE DIAGNOSTICS INC.,DE2010000581,SIEMENS AG,DE,,75919988.512617
13934-112,"PRWIRELESS PR, LLC",US361955126L,"PRWIRELESS PR, LLC",US,DE,1162577.016658
13990-112,HIS COMPANY INC.,US266691554L,SOUTHWEST JLK CORPORATION,US,TX,1421177.642736
14015-1512,"TRADESMEN INTERNATIONAL, LLC",US208875684,BLACKSTONE INC,US,NY,6917601.99216
14084-112,BURLINGTON COAT FACTORY WAREHOUSE CORPORATION,US800895227,"BURLINGTON STORES, INC.",US,NJ,8019356.314005
14085-112,"WILLIAMS-SONOMA STORES, INC.",US942203880,WILLIAMS SONOMA INC,US,CA,7993381.38307
14257-112,"BROWN & BROWN OF GARDEN CITY, INC",US590864469,BROWN & BROWN INC,US,FL,3292851.799269
14296-112,J M SMITH CORPORATION,US132974524L,JM SMITH CORPORATION.,US,SC,1447963.151077
13661-112,"GUCCI AMERICA,  INC.",FR342731973,FINANCIERE PINAULT,FR,,19923007.006808
13664-112,"PARTICLE MEASURING SYSTEMS,  INC.",GB02025003,SPECTRIS PLC,GB,,1558319.298813
13903-112,SHELL TRADING (US) COMPANY,GB04366849,SHELL PLC,GB,,291761928.129817
13900-112,"TYLER TECHNOLOGIES, INC.",US752303920,TYLER TECHNOLOGIES INC,US,TX,1798516.823906
13917-112,"FENWAL INTERNATIONAL, INC.",DE6290014544,FRESENIUS SE & CO. KGAA,DE,,40140015.067781
14264-112,TCS E-SERVE INTERNATIONAL LIMITED,IN0000021455,TATA SONS PRIVATE LIMITED,IN,,26955884.540191
14303-112,"BATESVILLE CASKET COMPANY, INC",US261342272,"HILLENBRAND, INC.",US,IN,2604129.65702
13693-112,AI(PUERTO RICO)PTY LTD,AU002818368,ARISTOCRAT LEISURE LIMITED,AU,,3746557.948872
13810-112,"SPECTERA, INC.",US411321939,UNITEDHEALTH GROUP INC.,US,MN,298711641.247927
14135-112,SCRIPTPRO CARIBBEAN INC.,US361581674L,SCRIPTPRO CARIBBEAN INC.,US,KS,1363165.075799
14340-112,"CATERPILLAR CRÉDITO,S.A. DE C.V. SOFOM, ER",US370602744,CATERPILLAR INC,US,IL,61795077.612708
14022-112,"OLYMPUS LATIN AMERICA, INC.",JP5011001005222,OLYMPUS CORPORATION,JP,,7023309.677248
14017-112,"LOCKHEED MARTIN GLOBAL, INC.",USBOE00023227,"LOCKHEED MARTIN GLOBAL, INC.",US,NY,920447.995405
14359-112,"L'OCCITANE, INC.",LULB125718,L'OCCITANE GROUPE S.A.,LU,,2139212.027631
14468-112,RIVERSOURCE LIFE INSURANCE COMPANY,US133180631,"AMERIPRISE FINANCIAL, INC.",US,MN,6034474.781576
14496-112,EATON CORPORATION,IE512978,EATON CORPORATION PLC,IE,,19122749.130365
14540-112,AMERISURE  INSURANCE COMPANY,US380829210,AMERISURE MUTUAL INSURANCE CO.,US,MI,858966.695954
14542-112,AMERISURE MUTUAL INSURANCE COMPANY,US380829210,AMERISURE MUTUAL INSURANCE CO.,US,MI,858966.695954
14580-112,"CARDTRONICS USA, INC.",US310387920,NCR VOYIX CORP,US,GA,7228155.752596
14627-112,GOODYEAR INTERNATIONAL CORPORATION,US340253240,GOODYEAR TIRE & RUBBER CO,US,OH,18490583.741917
14636-112,"FREIGHTWATCH INTERNATIONAL (USA), INC.",US128869937L,"FREIGHTWATCH INTERNATIONAL (USA), INC.",US,TX,1110858.909263
14656-112,"ALLIANT INSURANCE SERVICES, INC.",US352743254L,"ALLIANT HOLDINGS, L.P.",US,CA,1884162.050338
14680-112,"ASURION TECHNOLOGY SERVICES OF PUERTO RICO, INC.",US389652779L,"ASURION TECHNOLOGY SERVICES OF PUERTO RICO, INC.",US,DE,804389.372216
14694-112,"MITSUBISHI FUSO TRUCK OF AMERICA, INC.",US324279971L,"MITSUBISHI FUSO TRUCK OF AMERICA, INC",US,DE,977314.516936
14698-112,"CENGAGE LEARNING, INC.",US150237682L,CENGAGE LEARNING INC,US,CT,1868555.181153
14702-112,BP MARINE LIMITED,GB00102498,BP PLC,GB,,193632347.129094
14813-112,BARNES GROUP INC.,US060247840,BARNES GROUP INC,US,CT,1327326.147569
14815-112,LIBERTY MUTUAL GROUP INC.,US355125284L,LIBERTY MUTUAL GROUP INC.,US,NM,1555862.977828
14821-112,KORBER PHARMA SOFTWARE INC.,DE2150637488,KOERBER AG,DE,,2494941.323815
14834-112,BELDEN INC.,US363601505,BELDEN INC.,US,MO,2443733.59325
14894-112,"PAVILION PAYMENTS CHECK SERVICES, LLC",US582567903,GLOBAL PAYMENTS INC,US,GA,8896432.275007
14932-112,BUCKHEAD MEAT COMPANY,US741648137,SYSCO CORP,US,TX,70332331.919081
14955-112,SCOTTS PROFESSIONAL PRODUCTS CO.,US311414921,SCOTTS MIRACLE-GRO COMPANY (THE),US,OH,3272483.760088
15002-112,"IPSEN BIOPHARMACEUTICALS, INC",FR419838529,IPSEN,FR,,3184566.340951
15019-112,CALIX NETWORKS,US680438710,"CALIX, INC.",US,CA,957972.832164
14544-112,"INTERSTATE NATIONAL DEALER SERVICES, INC.",JP8010001131752,DAI-ICHI LIFE HOLDINGS INC.,JP,,53640996.847607
14481-112,"ICT ACCOUNTS RECEIVABLE MANAGEMENT, INC.",FR519087993,SURCREHOL,FR,,1575987.559625
14774-112,"SIRIUS XM RADIO, INC.",US389616332L,SIRIUS XM RADIO INC.,US,DE,804389.372216
14766-112,ALLY FINANCIAL INC,US380572512,ALLY FINANCIAL INC,US,MI,8933062.602119
14884-112,SPECTRANETICS LLC,NL17001910,KONINKLIJKE PHILIPS N.V.,NL,,18500497.120198
14776-112,FIS PAYMENTS LLC,US371490331,"FIDELITY NATIONAL INFORMATION SERVICES, INC.",US,FL,13387389.835156
14412-112,CONOCOPHILLIPS COMPANY,US010562944,CONOCOPHILLIPS,US,TX,72331382.434279
14562-112,AMERICAN ENTERPRISE INVESTMENT SERVICES INC.,US133180631,"AMERIPRISE FINANCIAL, INC.",US,MN,6034474.781576
14802-112,AMERICAN RECOVERY SERVICE INCORPORATED,IN001570615IND,RPSG VENTURES LIMITED,IN,,803193.463837
14858-112,"KOWA PHARMACEUTICALS AMERICA, INC.",JP1180001035811,"KOWA COMPANY, LTD.",JP,,5130714.635434
305466-112,"VEGA BAJA APARTMENTS MANAGER, CORP.",US374777408L,VEGA BAJA APARTMENTS MANAGER CORP.,US,DE,804389.372216
307533-112,"HOME RETENTION SERVICES, INC.",US741677330,STEWART INFORMATION SERVICES CORP,US,TX,2499537.618621
309453-1532,"STAR MOROVIS, LLC",US369275978L,STAR MOROVIS LLC,US,DE,804389.372216
308783-112,PARAGON ASSET RECOVERY SERVICES LLC,US*110347671067,INCLINEPARTNERS FEEDER L.P.,US,,1197791.625293
309452-112,"STAR MOROVIS MANAGER, CORP.",US369275978L,STAR MOROVIS LLC,US,DE,804389.372216
309453-1532,"STAR MOROVIS, LLC",US369275978L,STAR MOROVIS LLC,US,DE,804389.372216
309452-112,"STAR MOROVIS MANAGER, CORP.",US369275978L,STAR MOROVIS LLC,US,DE,804389.372216
311055-112,"CDETA MANAGER, CORP.",US369064793L,CDETA MANAGER CORP,US,DE,804389.372216
311638-1532,"TPR EDUCATION, LLC",US843727412,IAC INC.,US,NY,4022514.682578
311379-1532,"BRANDYWINE GLOBAL INVESTMENT MANAGEMENT, LLC",US132670991,"FRANKLIN RESOURCES, INC.",US,CA,7425722.986613
311823-112,"AMADA AMERICA, INC.",US378792065L,AMADA AMERICA INC - LADIES,US,NC,804389.372216
313484-112,"GENOMIC HEALTH, INC.",US020478229,EXACT SCIENCES CORP,US,WI,1920641.019198
315885-1532,"EXPRESS FASHION OPERATIONS, LLC",US262828128,"EXPRESS, INC.",US,OH,1717823.601805
315775-1532,"FREEPOINT COMMODITIES, L.L.C.",USLEI759850,FREEPOINT COMMODITIES HOLDINGS LLC,US,DE,1117537.492683
317405-1532,"KGPCO SERVICES, LLC",US405548309L,KGPCO SERVICES LLC,US,MI,804389.372216
324663-1512,"INFOR (US), LLC",US852096734,HILLMAN SOLUTIONS CORP.,US,OH,2922227.64761
323825-123,"FUNDACION MAPFRE / FUNDACION CULTURAL PRIVADA, CORPORATION",ESG28520443,FUNDACION MAPFRE,ES,,22311760.0
325914-1512,EVOQUA WATER TECHNOLOGIES LLC,US452080495,XYLEM INC.,US,NY,6785848.421486
326402-112,SYNTEGON PHARMA TECHNOLOGY LLC,DE7330170297,ROBERT BOSCH INDUSTRIETREUHAND KOMMANDITGESELLSCHAFT,DE,,86689120.421947
326124-112,"FTI CONSULTING, INC.",US521261113,FTI CONSULTING INC,US,DC,3157683.650743
325064-112,ENGIE INSIGHT SERVICES INC CORPORATION,US365496659L,ENGIE INSIGHT SERVICES INC.,US,MN,759790.135668
327593-1512,CETERA ADVISOR NETWORKS LLC,US303295991L,ARETEC GROUP INC,US,CA,1077229.998839
328791-1512,"BROWN & BROWN OF OREGON,  LLC",US406594511L,BROWN & BROWN OF OREGON LLC,US,MI,804389.372216
328134-112,WILLIAMS ELECTRIC CO  INC.,US953232481,PARSONS CORPORATION,US,VA,5015437.748192
328320-112,"LENDERLIVE NETWORK, LLC",AU005485825,COMPUTERSHARE LIMITED,AU,,2918105.827471
327399-1512,MARINA PDR HOSPITALITY LLC,US382730780,"SUN COMMUNITIES, INC.",US,MI,2736547.713386
328480-1512,"PARATA SYSTEMS, LLC",US220760120,"BECTON, DICKINSON AND COMPANY",US,NJ,17851070.400464
329948-1512,MARINA PDR OPERATIONS LLC,US382730780,"SUN COMMUNITIES, INC.",US,MI,2736547.713386
330480-112,PERATON INC.,US173561559L,PERATON SOLUTIONS INC.,US,VA,27466955.998954
331933-112,"BARNARD CENTRAL AMERICA, INC.",US366830486L,"BARNARD CENTRAL AMERICA, INC.",US,MT,840311.868673
332352-1512,"ARC WGABOPR001,  LLC",US330580106,REALTY INCOME CORP,US,CA,3081164.221252
332354-1512,"ARC WGLPSPR001,  LLC",US330580106,REALTY INCOME CORP,US,CA,3081164.221252
331094-1512,WILLIS TOWERS WATSON US LLC,IE475616,WILLIS TOWERS WATSON PUBLIC LIMITED COMPANY,IE,,8214150.787727
333042-112,"MOTT MACDONALD, INC.",US365475542L,"MOTT MACDONALD, INC.",US,MN,810336.514555
333837-112,ERCA HOUSING OF DELAWARE INC.,US369848408L,"ERCA HOUSING OF DELAWARE, INC.",US,DE,804389.372216
333990-122,RELIGIOUS ORDER OF JEHOVAH'S WITNESSES CORPORATION,US126712308L,RELIGIOUS ORDER OF JEHOVAH'S WITNESSES,US,NY,1311645.107091
334326-112,STAR LAJAS MANAGER CORP.,US369836102L,STAR LAJAS MANAGER CORP.,US,DE,804389.372216
334641-1512,"PUNTA LIMA, LLC",ESA39000013,BANCO SANTANDER SA,ES,,59589821.825939
333261-1512,"ARC DBGESRG001,  LLC",US369664601L,"ARC DBGESRG001, LLC",US,DE,804389.372216
334869-1512,EVERGREEN ENTERPRISES OF VIRGINIA LLC,US266043941L,"EVERGREEN ENTERPRISES OF VIRGINIA, LLC",US,,933869.998209
336374-1512,WARRINGTON ADVISORS LLC,US385761722L,WARRINGTON ADVISORS LLC,US,FL,804389.372216
336426-1512,"MOHAWK LABOR SERVICES, LLC",JP8010401050387,MITSUBISHI HEAVY INDUSTRIES LTD,JP,,29014301.024231
335817-112,"ALTUS RECEIVABLES MANAGEMENT, INC.",US*110347671067,INCLINEPARTNERS FEEDER L.P.,US,,1197791.625293
337790-1512,RUSHMORE LOAN MANAGEMENT SERVICES  LLC,CHCHE395345924,UBS GROUP AG,CH,,64283070.172538
338365-112,SYNTEGON TECHNOLOGY SERVICES LLC,DE7330170297,ROBERT BOSCH INDUSTRIETREUHAND KOMMANDITGESELLSCHAFT,DE,,86689120.421947
338434-112,"COINBASE, INC.",US464707224,"COINBASE GLOBAL, INC.",US,DE,2864340.632341
339244-1512,"KATE SPADE PUERTO RICO, LLC",US522242751,TAPESTRY INC,US,NY,6435448.990652
339376-112,GARBEN INVESTMENT CORPORATION,US350060624L,GARBEN INVESTMENT CORPORATION,US,NY,761747.599386
339835-1512,"TLA PR-2, LLC",US650723837,AMERICAN TOWER CORPORATION,US,MA,9870169.66393
340030-112,"ENVOLVE TOTAL VISION, INC.",US421406317,CENTENE CORP,US,MO,134377178.764484
340103-1512,"LL B SHEET 1, LLC",US333559097L,"LL B SHEET 1, LLC",US,MA,1279073.770992
340182-112,"TRINET HR III-A, INC.",US953359658,"TRINET GROUP, INC.",US,CA,4535566.840927
340182-112,"TRINET HR III-A, INC.",US953359658,"TRINET GROUP, INC.",US,CA,4535566.840927
341550-112,AMWINS GROUP BENEFITS LLC,US149209877L,AMWINS GROUP BENEFITS LLC,US,NC,1321020.697564
341762-1512,"HU-FRIEDY MFG. CO., LLC",IE595593,STERIS PLC,IE,,4568594.295504
342433-112,"COLUMN FINANCIAL, INC.",CHCHE395345924,UBS GROUP AG,CH,,64283070.172538
342352-112,GREEN DOT CORPORATION,US954766827,GREEN DOT CORPORATION,US,CA,1356688.078918
341321-1512,"CARS.COM, LLC",US383910250,"GANNETT CO., INC.",US,VA,2714066.054967
343686-112,"ZIPCAR, INC.",US060918165,"AVIS BUDGET GROUP, INC.",US,NJ,11065245.016202
344652-1512,IWG-TLA ENCANTO 3 LLC,US650723837,AMERICAN TOWER CORPORATION,US,MA,9870169.66393
345407-112,VF OUTDOOR LLC,US231180120,V. F. CORPORATION,US,CO,10700774.014956
345456-1512,DOVEWING  LLC,US264210872L,DOVEWING LLC,US,IL,1188828.486432
345931-112,"J. CHOO USA, INC.",VG40062ZG,CAPRI HOLDINGS LIMITED,VG,,5177843.451338
346052-112,MACQUARIE CAPTIAL (USA) INC.,AU122169279,MACQUARIE GROUP LTD,AU,,10288813.158429
347259-112,ELIANE CERAMIC TILE (USA)  INC.,US521604305,MOHAWK INDUSTRIES INC,US,GA,10260884.670889
346895-1512,"DG SOLAR LESSEE II, LLC",GB00048839,BARCLAYS PLC,GB,,27752359.668219
347728-1512,CONTECH ENGINEERED SOLUTIONS LLC,US128138933L,CONTECH CONSTRUCTION PRODUCTS INC.,US,OH,1400713.216579
347830-112,"KAPSCH TRAFFICCOM USA, INC.",AT9110290826,DATAX HANDELSGMBH,AT,,1035600.26048
348571-1512,NISSAN MOTOR ACCEPTANCE COMPANY LLC,JP9020001031109,"NISSAN MOTOR CO., LTD.",JP,,73155110.634651
348907-112,"LNW GAMING, INC.",US810422894,LIGHT & WONDER INC,US,NV,2314778.620469
349282-1512,SAL DEL MAR L.L.C.,US302720669L,SAL DEL MAR LLC,US,VA,1144910.96742
348537-113,LUFTHANSA TECHNIK AKTIENGESELLSCHAFT,DE5190000974,DEUTSCHE LUFTHANSA AKTIENGESELLSCHAFT,DE,,32208287.746867
349055-112,"AVANOS MEDICAL, INC.",US464987888,AVANOS MEDICAL INC,US,GA,1377233.485412
348245-1512,"MWPR CR, LLC",US370314641L,"MWPR CR, LLC",US,DE,804389.372216
349566-112,OPPENHEIMER & CO.  INC.,CAFEB33410,CANADIAN IMPERIAL BANK OF COMMERCE,CA,,15474175.314676
350836-112,EX LIBRIS (USA) INC.,US351187730L,EX LIBRIS USA INC,US,NY,1714514.166337
352132-112,"BARR LABORATORIES, INC.",IL90005GE,TEVA PHARMACEUTICAL INDUSTRIES LIMITED,IL,,13753228.326026
352748-112,"WORKDAY, INC.",US202480422,"WORKDAY, INC.",US,CA,6698350.822613
353089-1512,270 PR UNIT 6-11  LLC,US370413140L,270 PR UNIT 6-11 LLC,US,DE,799331.549661
353209-1512,270 PR UNIT 4  LLC,US370411211L,270 PR UNIT 4 LLC,US,DE,804389.372216
353188-1512,270 PR UNIT R  LLC,US370413143L,270 PR UNIT R LLC,US,DE,804389.372216
353603-1512,TORRID LLC,US301767104L,TORRID INC,US,,6246755.630038
353609-112,"MOLINA HEALTHCARE,  INC.",US134204626,MOLINA HEALTHCARE INC.,US,CA,29394579.247176
354862-112,KERRY BIOFUNCTIONAL INGREDIENTS INC.,IE111471,KERRY GROUP PLC,IE,,8166628.680333
355587-112,AMERICAN GREETINGS CORPORATION,US*B000039099,CD&R (UK) LLC,US,,5971460.801855
356753-1512,GRANITE TELECOMMUNICATIONS L.L.C.,US150240292L,GRANITE TELECOMMUNICATIONS LLC,US,MA,1265704.713776
356445-1512,"TORY BURCH, LLC",US127627837L,TORY BURCH LLC,US,NY,1061316.841478
356188-112,"RENTOKIL NORTH AMERICA, INC.",GB05393279,RENTOKIL INITIAL PLC,GB,,4130161.456895
360968-1512,"VISTAS DEL BOULEVARD, LLC",US375049181L,"VISTAS DEL BOULEVARD, LLC",US,DE,804389.372216
362001-1512,"SUNNOVA MANAGEMENT, LLC",US359094164L,SUNNOVA MANAGEMENT LLC,US,,1173645.481357
362238-112,ROGO HOUSING OF DELAWARE INC.,US374870618L,"ROGO HOUSING OF DELAWARE, INC.",US,DE,804389.372216
362241-1512,VERTEX PHARMACEUTICALS (PUERTO RICO) LLC,US043039129,VERTEX PHARMACEUTICALS INCORPORATED,US,MA,9094352.439296
362322-1512,"RYDER RISK SOLUTIONS, LLC",US590739250,RYDER SYSTEM INC,US,FL,11068010.404585
363136-112,TOTE SHIPHOLDINGS LLC,US352132343L,"TOTE SHIPHOLDINGS, LLC",US,FL,788226.455776
360764-1512,PR RENT-TO-OWN LLC,US660667416,"POPULAR, INC",US,TX,2861222.497983
364113-112,HARLEY-DAVIDSON CREDIT CORP.,US391382325,HARLEY DAVIDSON INC,US,WI,5378244.816814
364083-112,HISCOX INSURANCE SERVICES INC.,BM38877R,HISCOX LTD,BM,,2717655.807378
364601-122,TMF HEALTH QUALITY INSTITUTE INC.,US267960260L,TMF HEALTH QUALITY INSTITUTE,US,TX,907970.113335
363881-1512, STRAUMANN USA LLC,US365673011L,STRAUMANN USA LLC,US,MN,932198.933261
365786-1512,FCA CARIBBEAN LLC,NL60372958,STELLANTIS N.V.,NL,,176513883.492735
366517-812,KPMG LLP,US149092060L,"KPMG, LLP",US,DE,11536664.076309
366970-1512,"BHH AFFILIATES, LLC",US470813844,BERKSHIRE HATHAWAY INC.,US,NE,75708584.200308
367329-122,SOUTHWEST RESEARCH INSTITUTE INC.,US149151582L,SOUTHWEST RESEARCH INSTITUTE,US,TX,1011764.251815
367372-112,"GENERAL DYNAMICS MISSION SYSTEMS, INC.",US131673581,GENERAL DYNAMICS CORP,US,VA,38953153.86814
366331-1512,"ACRISURE, LLC",US349827047L,"ACRISURE HOLDINGS, INC.",US,MI,992759.735457
367038-1512,"BROWN & BROWN METRO, LLC",US365668304L,BROWN & BROWN METRO LLC,US,MN,755060.271035
367416-1512,"POPULAR COMMUNITY CAPITAL, LLC",US660667416,"POPULAR, INC",US,TX,2861222.497983
366465-112,GENAMERICA MANAGEMENT CORPORATION,US303853931L,GENAMERICA MANAGEMENT CORPORATION,US,NY,804389.372216
367820-1512,"WM 53 - CITI TOWERS, LLC",US370612244L,"WM 53-CITI TOWERS, LLC",US,DE,804389.372216
369515-112,"GLOBUS MEDICAL NORTH AMERICA,  INC.",US043744954,"GLOBUS MEDICAL, INC.",US,PA,1107575.459784
368141-112,INVACARE CORPORATION,US952680965,INVACARE CORP,US,OH,1049267.99508
368479-112,THE AVON COMPANY,KR1101110003543,LG CORP.,KR,,6299313.256644
369055-1512,"LED FUNDING II, LLC",US404308253L,LED FUNDING II LLC,US,CT,804389.372216
369689-1512,"HEALTHCARE INSIGHTS, LLC",US352477140,"PREMIER, INC.",US,NC,1231197.627536
371681-1512,LEDVANCE LLC,CN42494PC,"MLS CO.,LTD.",CN,,2178647.147873
372307-1512,ATLANTIC COFFEE INDUSTRIAL SOLUTIONS LLC,US281580779L,"ATLANTIC COFFEE INDUSTRIAL SOLUTIONS, LLC",US,TX,1079313.208941
372751-1512,"REZPIRA, LLC",US318412547L,"REZPIRA, LLC",US,FL,1003447.29893
372371-112,"BOFA SECURITIES, INC.",US560906609,BANK OF AMERICA CORPORATION,US,NC,86841049.993501
371258-112,PB WORLDWIDE INC.,US060495050,PITNEY BOWES INC,US,CT,3009904.097383
373106-1512,ATC OPERATIONS LLC,US650723837,AMERICAN TOWER CORPORATION,US,MA,9870169.66393
373823-112,SCIENCE APPLICATIONS INTERNATIONAL CORPORATION,US461932921,SCIENCE APPLICATIONS INTERNATIONAL CORP,US,VA,7111601.122524
374263-112,INDIVIOR INC.,GB09237894,INDIVIOR PLC,GB,,830262.202173
374868-1512,"LOCKTON COMPANIES, LLC",US149118496L,"LOCKTON COMPANIES, LLC",US,MO,1735745.827353
378084-112,DOPPELMAYR USA INC.,AT9010013062,DOPPELMAYR HOLDING SE,AT,,947737.209191
378385-112,ALEX SPEEDY SERVICES CORPORATION,US303708722L,ALEX SPEEDY SERVICES CORP,US,NY,804389.372216
380855-1512,"SEVEN G PROPERTIES OSJ, LLC",US370789175L,"SEVEN G PROPERTIES OSJ, LLC",US,DE,804389.372216
375028-112,CAPGEMINI AMERICA INC.,FR330703844,CAPGEMINI,FR,,22932948.424494
378565-1512,PUERTO RICO CARIBE LESSEE LLC,US362058176,PARK HOTELS & RESORTS INC.,US,VA,2304646.20426
381354-1512,"GODADDY.COM, LLC",US149171493L,"GODADDY.COM, LLC",US,AZ,3849772.027925
383339-1512,"PLANCONNECT, LLC",US900226248,EQUITABLE HOLDINGS INC.,US,NY,16891469.85568
383844-112,SYMETRA LIFE INSURANCE COMPANY,JP5120005007271,SUMITOMO LIFE INSURANCE CO.,JP,,22841011.470493
381668-112,SV MANAGING MEMBER CORP.,US370758014L,SV MANAGING MEMBER CORP.,US,DE,804389.372216
383102-112,"SIEMENS GAMESA RENEWABLE ENERGY, INC.",DE8171104214,SIEMENS ENERGY AG,DE,,30379130.3091
383293-112,BELL TECHNICAL SERVICES INC.,US050315468,TEXTRON INC,US,RI,13080358.370348
384085-112,LUXOTTICA OF AMERICA INC.,US365542964L,LUXOTTICA OF AMERICA INC.,US,MN,869795.36884
384192-1512,"KELLERMEYER BERGENSONS SERVICES, LLC",US258088739L,"CRAIG COURT, INC.",US,NY,1979610.231107
386053-113,COGNIZANT WORLDWIDE LIMITED,US133728359,COGNIZANT TECHNOLOGY SOLUTIONS CORP,US,NJ,17833577.775448
386716-1512,SPECIALTY PROGRAM GROUP LLC,US302073839L,SPECIALTY PROGRAM GROUP LLC,US,NJ,905707.728919
385830-1512,"HOLMES, MURPHY AND ASSOCIATES, LLC",US365617232L,HOLMES MURPHY & ASSOCIATES LLC,US,MN,803644.071941
386696-112,"LONG LAKE MSR, INC.",US061377322,"NEW YORK COMMUNITY BANCORP, INC",US,NY,1533045.160235
388609-112,CVS PR CENTER INC.,US050494040,CVS HEALTH CORPORATION,US,RI,329686423.866741
389681-112,"NORTHERN AIR CARGO, LLC",US*110158215675,"SALTCHUK RESOURCES, INC.",US,,1021070.591081
387391-112,"DAVE & BUSTER'S OF PUERTO RICO, INC.",US370404965L,"DAVE & BUSTER'S OF PUERTO RICO, INC.",US,DE,1765860.729382
389380-1512,EXCEL BUILDING SERVICES LLC,US356287583L,"THE FACILITIES GROUP NATIONAL, LLC",US,FL,1394156.039764
389846-1513,MICRO FOCUS HOLDING PR B.V. LLC,CA31358NC,OPEN TEXT CORPORATION,CA,ON,4132855.890627
390272-1512,"HORMEL FOODS SALES, LLC",US410319970,HORMEL FOODS CORP,US,MN,11159243.341017
391218-1512,"GEMINI TRUST COMPANY, LLC",US365189729L,GEMINI TC LLC,US,MN,804389.372216
390268-122,AIDS HEALTHCARE FOUNDATION INC.,USFEI1020143,AIDS HEALTHCARE FOUNDATION,US,CA,1891625.174679
393405-112,STARLINK LOGISTICS INC.,FR395030844,SANOFI,FR,,43855809.660462
393788-1512,BP LATIN AMERICA LLC,US369107144L,BP AMERICA INC.,US,DE,804389.372216
393951-1512,"COINSTAR ASSET HOLDINGS,  LLC",US132282716L,"COINSTAR ASSET HOLDINGS, LLC",US,DE,2064505.022026
393951-1512,"COINSTAR ASSET HOLDINGS,  LLC",US132282716L,"COINSTAR ASSET HOLDINGS, LLC",US,DE,2064505.022026
396001-112,"MITSUBISHI TANABE PHARMA AMERICA, INC.",US407907746L,"MITSUBISHI TANABE PHARMA AMERICA, INC.",US,NY,804389.372216
396844-112,HISUN PHARMACEUTICALS USA INC.,CN30755PC,"ZHEJIANG HISUN PHARMACEUTICAL CO.,LTD.",CN,,1587700.052961
397767-112,"APPLIED RESEARCH ASSOCIATES, INC.",US149206148L,APPLIED RESEARCH ASSOCIATES INC,US,NM,1139069.09598
398166-1512,FS CREIT ORIGINATOR  LLC,US321810734L,FS CREIT ORIGINATOR LLC,US,PA,767013.595512
396763-112,PACCAR FINANCIAL CORP.,US910351110,PACCAR INC,US,WA,32369517.906541
396637-112,NEW BELGIUM BREWING COMPANY INC.,JP5010001034768,KIRIN HOLDINGS COMPANY LIMITED,JP,,13820361.561566
398993-113,OPTAL FINANCIAL LIMITED,US010526993,WEX INC.,US,ME,2347954.803364
400399-112,MICHELS  CORPORATION,US132297629L,MICHELS CORPORATION,US,WI,1793664.353396
400743-112,"VOLKERT, INC.",US246015302L,VOLKERT INC,US,,2800198.365682
400825-112,INTERCLAIM WORLDWIDE CLAIMS CONSULTANTS INC.,US318824900L,INTERCLAIM INC.,US,FL,849940.04612
401014-1512,"PCC SUB-CDE III, LLC",US660667416,"POPULAR, INC",US,TX,2861222.497983
401018-1512,"PCC SUB-CDE IV, LLC",US660667416,"POPULAR, INC",US,TX,2861222.497983
401020-1512,"PCC SUB-CDE V, LLC",US660667416,"POPULAR, INC",US,TX,2861222.497983
401833-1512,"ADJUSTERS INTERNATIONAL PUERTO RICO, LLC",US371229518L,"ADJUSTERS INTERNATIONAL PUERTO RICO, LLC",US,DE,887168.845333
400854-1512,"PCC SUB-CDE VII, LLC",US660667416,"POPULAR, INC",US,TX,2861222.497983
401011-1512,"PCC SUB-CDE I, LLC",US660667416,"POPULAR, INC",US,TX,2861222.497983
401012-1512,"PCC SUB-CDE II, LLC",US660667416,"POPULAR, INC",US,TX,2861222.497983
402838-112,"TAPESTRY, INC.",US522242751,TAPESTRY INC,US,NY,6435448.990652
402810-112,"PILOT CATASTROPHE SERVICES, INC.",US149137450L,"PILOT CATASTROPHE SERVICES, INC.",US,AL,1177375.037219
403381-112,VITAMIN WORLD USA CORPORATION,KY41315WB,CHINA FEIHE LIMITED,KY,,2811018.673403
403991-1512,SPECIALIZED LOAN SERVICING LLC,AU005485825,COMPUTERSHARE LIMITED,AU,,2918105.827471
402646-1512,"AES ES TAIT, LLC",US541163725,AES CORPORATION (THE),US,VA,11626418.894816
15005-112,UNITED CONSUMER FINANCIAL SERVICES COMPANY,US470813844,BERKSHIRE HATHAWAY INC.,US,NE,75708584.200308
15000-112,RGA REINSURANCE COMPANY,US431627032,REINSURANCE GROUP OF AMERICA INC.,US,MO,14981559.293542
15038-112,"LAWSON PRODUCTS,INC.",US266691554L,SOUTHWEST JLK CORPORATION,US,TX,1421177.642736
15203-112,ALTRIA INTERNATIONAL SALES INC.,US133260245,"ALTRIA GROUP, INC.",US,VA,22560829.986331
15231-112,"IDT AMERICA, CORP.",US223415036,IDT CORP,US,NJ,1141589.921191
15261-112,"INDUSTRIAS BANILEJAS, SAS",DO11568SDQ,INDUSTRIAS BANILEJAS,DO,,782416.191407
15279-112,ACAR LEASING LTD.,US299380940L,ACAR LEASING LTD.,US,TX,943757.943395
15281-112,LUCERO DE ALBA MANAGING MEMBER INC.,US368634983L,LUCERO DE ALBA MANAGING MEMBER INC,US,DE,804389.372216
15320-112,"OPEN SYSTEMS INTERNATIONAL, INC.",US430259330,EMERSON ELECTRIC CO,US,MO,13974393.970937
15321-112,VITAMIN SHOPPE INDUSTRIES LLC,US270223495,"B. RILEY FINANCIAL, INC.",US,CA,1026687.06632
15326-112,C&W FACILITY SERVICES INC.,GB11414195,CUSHMAN & WAKEFIELD PLC,GB,,9312291.029854
15338-112,GLOBAL TEL*LINK CORPORATION,US*920491661,"ASCP, LLC",US,,1037840.768748
15357-112,"SHOE CARNIVAL, INC.",US351736614,SHOE CARNIVAL INC,US,IN,1192537.272052
15364-112,ELLIOT TURBOMACHINERY CO. INC.,JP1010801001748,EBARA CORPORATION,JP,,4729845.925871
15409-112,"PB ELDERLY, CORP.",US369106265L,PB ELDERLY CORP,US,DE,804389.372216
15443-112,WESTJET AIRLINES LTD.,CA5-62040066I,NEW ONCAN CANADIAN HOLDINGS LTD.,CA,,6680796.283647
15479-112,EDGEWOOD PARTNERS INSURANCE CENTER,US123948988L,"EDGEWOOD PARTNERS INSURANCE CENTER, INC.",US,CA,807239.456725
15493-112,"SPECTRUM BRANDS, INC.",US741339132,"SPECTRUM BRANDS HOLDINGS, INC.",US,WI,3025235.86635
15571-112,ABBOTT HEALTHCARE (PUERTO RICO) LTD.,US360698440,ABBOTT LABORATORIES,US,IL,40225781.731675
15573-112,"TSK ELECTRONICA Y ELECTRICIDAD USA, CORP.",ESA48035901,TSK ELECTRONICA Y ELECTRICIDAD SA,ES,,959130.185444
15586-112,ILLUMIFIN CORPORATION,US271605762,CONCENTRIX CORPORATION,US,CA,6556128.22592
15587-112,MONSTER ENERGY COMPANY,US471809393,MONSTER BEVERAGE CORPORATION,US,CA,5815557.40129
15617-112,"VESTAS-AMERICAN WIND TECHNOLOGY, INC.",DK10403782,VESTAS WIND SYSTEMS A/S,DK,,15662642.845167
15624-112,"MOTOROLA SOLUTIONS, INC.",US361115800,"MOTOROLA SOLUTIONS, INC.",US,IL,9194623.339494
15633-112,"VALLEN DISTRIBUTION, INC.",US133138625L,"VALLEN DISTRIBUTION, INC.",US,DE,4648417.756224
15644-112,WILLIAM A. GRAHAM COMPANY,US362668272,MARSH & MCLENNAN COMPANIES INC,US,NY,20950977.707256
15668-112,WEX PAYMENTS INC.,US010526993,WEX INC.,US,ME,2347954.803364
15722-112,"ABBOTT RAPID DX NORTH AMERICA, L.L.C.",US360698440,ABBOTT LABORATORIES,US,IL,40225781.731675
15660-112,"ENCOMPASS HEALTH REHABILITATION HOSPITAL OF SAN JUAN, INC.",US630860407,ENCOMPASS HEALTH CORPORATION,US,AL,4007183.870673
15712-112,KONINKLIJKE LUCHTVAART MAATSCHAPPIJ N.V.,NL33014286,KLM ROYAL DUTCH AIRLINES NV,NL,,12539000.0
15096-112,MERRILL LYNCH LIFE AGENCY OF WASHINGTON,US560906609,BANK OF AMERICA CORPORATION,US,NC,86841049.993501
15119-112,IBERIA LINEAS AEREAS DE ESPAÑA SOCIEDAD ANONIMA OPERADORA,ESA85845535,INTERNATIONAL CONSOLIDATED AIRLINES GROUP S.A,ES,,22670653.962624
15504-112,HCL AMERICA INC.,IN30691FI,HCL TECHNOLOGIES LIMITED,IN,,11597870.245203
15702-112,TATA CONSULTANCY SERVICES (PHILIPPINES) INC.,IN0000021455,TATA SONS PRIVATE LIMITED,IN,,26955884.540191
15284-112,NATURGY APROVISIONAMIENTOS S.A.,ESA08015497,"NATURGY ENERGY GROUP, S.A.",ES,,33382839.696918
15066-112,CAPITAL BROKERAGE CORPORATION,US800873306,GENWORTH FINANCIAL INC,US,VA,4034278.134254
15429-112,"DANNON PR, INC.",FR552032534,DANONE,FR,,27186891.65103
15518-112,"COADVANTAGE RESOURCES IV, INC.",US*903673069,AQUILINE HOLDINGS LP,US,DE,1247132.291159
15694-112,SOUTHWEST AIRLINES CO.,US741563240,SOUTHWEST AIRLINES CO.,US,TX,24042552.91083
15721-112,INCYTE CORPORATION,US943136539,INCYTE CORPORATION,US,DE,3405500.231388
15731-112,WHEELER FLEET SOLUTIONS CORP.,US540649263,VSE CORP,US,VA,875195.542975
15048-112,BENCO DENTAL SUPPLY CO.,US128106349L,BENCO DENTAL,US,PA,1241328.178548
15087-112,"CCC INFORMATION SERVICES, INC.",US356315321L,AIC PARENT INC,US,DE,2460532.188684
15504-112,HCL AMERICA INC.,IN30691FI,HCL TECHNOLOGIES LIMITED,IN,,11597870.245203
15739-112,INFOSYS BPM LIMITED,IN30143FI,INFOSYS LIMITED,IN,,16449693.02028
15750-112,HERSHEY CREAMERY COMPANY,US128254101L,HERSHEY CREAMERY CO,US,PA,892307.291851
15770-112,ACCENTURE SOLUTIONS PRIVATE LIMITED,IE471706,ACCENTURE PUBLIC LIMITED COMPANY,IE,,59078301.458696
15790-112,"LIME RESIDENTIAL, LTD.",CHCHE395345924,UBS GROUP AG,CH,,64283070.172538
15785-112,CARGOLUX AIRLINES INTERNATIONAL S.A.,LULB8916,CARGOLUX AIRLINES INTERNATIONAL S.A.,LU,,4770818.0
15787-112,WENDY'S SINGAPORE PTE. LTD.,US380471180,WENDY'S COMPANY (THE),US,OH,2010301.434711
15766-112,"KEYSIGHT TECHNOLOGIES WORLD TRADE, INC.",US464254555,"KEYSIGHT TECHNOLOGIES, INC.",US,CA,5035019.941584
404594-1512,FKM UNION LLC,US313681853L,FKM UNION LLC,US,NY,804389.372216
404626-1512,IWG-TLA ENCANTO 1 LLC,US650723837,AMERICAN TOWER CORPORATION,US,MA,9870169.66393
405101-1512,"SERVICEMAC,  LLC",US261911571,FIRST AMERICAN FINANCIAL CORPORATION,US,CA,6922644.103327
405582-112,"HEALTHPLAN SERVICES, INC.",US358888133L,HEALTHPLAN SERVICES INC,US,UT,898147.133121
405176-1512,NRG DG DEVELOPMENT LLC,US411724239,"NRG ENERGY, INC.",US,NJ,29066532.861724
405703-1512,"BROWN & JOSEPH, LLC",US*110347671067,INCLINEPARTNERS FEEDER L.P.,US,,1197791.625293
407394-1512,BOSCO PUERTO RICO LLC,US371217623L,"BOSCO PUERTO RICO, LLC",US,DE,804389.372216
407528-1512,NEPHRON STERILE COMPOUNDING CENTER  LLC,US356494997L,NEPHRON STERILE COMPOUNDING CENTER LLC,US,SC,921997.718687
407919-122,EDUCATIONAL MEDIA FOUNDATION INC.,US124023201L,EDUCATIONAL MEDIA FOUNDATION INCORPORATED A/K/A EDUCATIONAL MEDIA FOUNDATION,US,CA,960998.023423
407880-1512,"VERTICAL BRIDGE S3 ASSETS, LLC",US365175425L,"VERTICAL BRIDGE S3 ASSETS, LLC",US,MN,1278215.311872
407122-122,UNIVERSITY SYSTEM OF NEW HAMPSHIRE CORPORATION,US127437195L,UNIVERSITY SYSTEM OF NEW HAMPSHIRE,US,NH,1078292.752062
407207-112,SUNRUN INC.,US262841711,SUNRUN INC.,US,CA,2176470.198566
408628-1512,VIDA HERMOSA LLC,US371586557L,VIDA HERMOSA LLC,US,DE,804389.372216
408941-1512,PROMETRIC  LLC,SE5568494180,EQT AB,SE,,2122026.35059
409870-1512,IBT LLC,US302690834L,"IBT, LLC",US,VA,2087657.208081
409972-1512,"NATIONAL PARTNERS PFCO,  LLC",US133727655,STEEL PARTNERS HOLDINGS L.P.,US,NY,1562330.908871
410403-112,"ETHOSENERGY TC, INC.",GBSC036219,JOHN WOOD GROUP PLC,GB,,5819474.650878
409240-112,AMADA CAPITAL CORPORATION,JP7021001020895,"AMADA CO., LTD.",JP,,2524548.303504
409632-113,APR ENERGY HOLDINGS LIMITED,US*Z00588884,POSEIDON ACQUISITION CORPORATION,US,NY,1468301.253431
408816-1512,PORTAL DE SABRINA LLC,US371580572L,PORTAL DE SABRINA LLC,US,DE,804389.372216
409554-112,ROTHSCHILD  INC.,US173303334L,ROTHSCHILD INC,US,NY,751786.672274
408763-1512,PARK AVENUE SECURITIES LLC,US135123390,GUARDIAN LIFE INSURANCE CO. OF AMERICA,US,NY,11625708.426824
411138-1512,"ALVAREZ & MARSAL NORTH AMERICA, LLC",US365447345L,ALVAREZ & MARSAL NORTH AMERICA LLC,US,MN,862983.906712
412015-112,GESTION TECNOLOGICA E INDUSTRIAL  INC.,US319517600L,"GESTION TECNOLOGICA E INDUSTRIAL, INC",US,FL,1003447.29893
411083-1512,SUNRUN SIRIUS MANAGER 2018 LLC,US262841711,SUNRUN INC.,US,CA,2176470.198566
411085-1512,"SUNRUN SIRIUS OWNER 2018, LLC",US262841711,SUNRUN INC.,US,CA,2176470.198566
412514-112,"TRINET HR III-B, INC.",US953359658,"TRINET GROUP, INC.",US,CA,4535566.840927
412538-112,"TRINET HR I,  INC.",US953359658,"TRINET GROUP, INC.",US,CA,4535566.840927
412540-112,"TRINET HR XI, INC.",US953359658,"TRINET GROUP, INC.",US,CA,4535566.840927
413059-112,"TRINET HR III, INC.",US953359658,"TRINET GROUP, INC.",US,CA,4535566.840927
413117-112,"FITBIT, LLC",US611767919,ALPHABET INC.,US,CA,283260409.165492
413895-112,EBAY COMMERCE INC.,US770430924,EBAY INC,US,CA,9025988.0945
414366-1512,KRYPTONITE MINE  LLC,US309801554L,KRYPTONITE MINE LLC,US,MO,804389.372216
412895-112,"TRINET USA, INC.",US953359658,"TRINET GROUP, INC.",US,CA,4535566.840927
413059-112,"TRINET HR III, INC.",US953359658,"TRINET GROUP, INC.",US,CA,4535566.840927
414754-1512,"PSS PATIENT SOLUTION SERVICES, LLC",US952557091,TENET HEALTHCARE CORP,US,TX,18934746.030313
414979-112,"AMERESCO,  INC.",US043512838,AMERESCO INC,US,MA,1710503.352087
415990-112,AMWAY CORP.,US139313974L,ALTICOR GLOBAL HOLDINGS INC.,US,MI,2906786.025786
416204-112,AXON ENTERPRISE INC.,US860741227,"AXON ENTERPRISE, INC.",US,AZ,1414832.849203
414560-112,WILLIS TOWERS WATSON CAC INC.,IE475616,WILLIS TOWERS WATSON PUBLIC LIMITED COMPANY,IE,,8214150.787727
415342-1512,"NOVASYTE, LLC",US271341991,IQVIA HOLDINGS INC.,US,NC,13807583.274093
415042-1512,"WESTERN UNION INTERNATIONAL SERVICES, LLC",US204531180,WESTERN UNION CO. (THE),US,CO,4014926.220954
417008-1512,"ASD SPECIALTY HEALTHCARE, LLC",US233079390,CENCORA INC,US,PA,241590042.357571
417034-1512,"INTEGRATED COMMERCIALIZATION SOLUTIONS,  LLC",US233079390,CENCORA INC,US,PA,241590042.357571
417311-113,LCPR CAYMAN HOLDING  INC.,BM52714R,LIBERTY LATIN AMERICA LIMITED,BM,,4437062.803671
417343-112,NEW YORK MARINE AND GENERAL INSURANCE COMPANY,US241492856L,PROSIGHT SPECIALTY MANAGEMENT COMPANY INC.,US,NJ,1059809.237493
417655-112,JONES/COVEY GROUP  INCORPORATED,US*110347669473,MIDOCEANMANAGER HOLDINGS LP,US,,5323145.029217
418071-1512,SECURED LAND TRANSFERS  LLC,US208050955,ANYWHERE REAL ESTATE INC,US,NJ,6365650.375104
418404-1512,SYNAPSE SERVICES LLC,US843727412,IAC INC.,US,NY,4022514.682578
418679-112,"HAYS COMPANIES, INC.",US590864469,BROWN & BROWN INC,US,FL,3292851.799269
419328-112,"METLIFE LEGAL PLANS, INC.",US134075851,METLIFE INC.,US,NY,50665336.662383
420004-112,APPLE PAYMENTS INC.,US293545196L,APPLE PAYMENTS INC.,US,CA,795151.353196
420047-112,"ÖSSUR AMERICAS,  INC.",US364910063L,"OSSUR AMERICAS, INC.",US,MI,1845628.960861
420369-112,BEACON SALES ACQUISITION INC.,US258018722L,"BEACON SALES ACQUISITION, INC.",US,MA,753797.473982
419214-1512,"SUNRUN CYGNUS MANAGER 2018,  LLC",US262841711,SUNRUN INC.,US,CA,2176470.198566
420370-112,AGORDIA INC.,US371957204L,"AGORDIA, INC.",US,DE,804389.372216
420029-112,WILLIS TOWERS WATSON MIDWEST INC.,IE475616,WILLIS TOWERS WATSON PUBLIC LIMITED COMPANY,IE,,8214150.787727
418833-812,GRANT THORNTON LLP,US149092141L,GRANT THORNTON FOUNDATION,US,IL,2479636.896219
419215-1512,"SUNRUN CYGNUS OWNER 2018,  LLC",US262841711,SUNRUN INC.,US,CA,2176470.198566
420730-112,ACCOUNTS RECEIVABLE AUTOMATED SOLUTIONS  INC.,CA30367NC,CGI INC.,CA,QC,9744039.940408
421341-112,"DELTEK, INC.",US510263969,"ROPER TECHNOLOGIES, INC.",US,FL,5692771.76122
421620-1512,"ROBINHOOD CRYPTO,  LLC",US464364776,"ROBINHOOD MARKETS, INC.",US,CA,1718577.19548
421225-1512,A-TO-BE USA LLC,US358253693L,A-TO-BE USA LLC,US,IL,750826.536062
423742-112,"THYSSENKRUPP POLYSIUS NORTH AMERICA, INC.",DE5110216866,THYSSENKRUPP AG,DE,,36643598.43142
424140-112,"HC2 STATION GROUP, INC.",US541708481,INNOVATE CORP,US,NY,1508753.881788
424195-1512,"MAGELLAN RX MANAGEMENT, LLC",US245084450L,"GUIDEWELL, INC.",US,FL,3378740.836897
423212-112,"PROGYNY, INC.",US272220139,"PROGYNY, INC.",US,NY,985156.11896
425203-1512,"RISK CONSULTING PARTNERS,  LLC",US*4000000225888,"ALERA GROUP ULTIMATE HOLDINGS, LLC",US,,5603209.115685
428073-112,AJINOMOTO CAMBROOKE INC.,JP8010001034740,AJINOMOTO COMPANY INC,JP,,9382750.840557
427914-112,"CLAIRE'S BOUTIQUES, INC.",US590940416,"CLAIRE'S STORES, INC.",US,IL,1298257.778029
429577-112,HITACHI ENERGY USA  INC.,JP7010001008844,HITACHI LTD,JP,,75118831.262945
430131-1512,COLLIERS MORTGAGE LLC,CA40844NC,COLLIERS INTERNATIONAL GROUP INC.,CA,ON,3994783.025081
431394-1512,"BALDWIN KRYSTYN SHERMAN PARTNERS, LLC",US611937225,BALDWIN INSURANCE GROUP INC,US,FL,903723.302433
432456-1512,"BAKKT CRYPTO SOLUTIONS, LLC",US371411738L,"BAKKT CRYPTO SOLUTIONS, LLC",US,DE,804389.372216
434573-112,"LIVANOVA USA, INC.",GB09451374,LIVANOVA PLC,GB,,941582.261875
435467-1512,"EMPOWER RETIREMENT, LLC",CA274347995L,PANSOLO HOLDING INC,CA,ON,35764175.438027
435477-112,PREVOST CAR (US) INC.,SE5560125790,AB VOLVO,SE,,50725577.160467
435732-1512,"TEPDB OPCO, LLC",US363562655L,TEPDB OPCO LLC,US,MN,793684.665286
436120-1512,HCI IVD HOLDINGS MEMBER LLC,US372497639L,HCI IVD HOLDINGS MEMBER LLC,US,DE,804389.372216
436350-112,"STONE & WEBSTER, L.L.C.",US135416910,"STONE & WEBSTER, INC.",US,MA,1162499.200575
436702-112,CHECKFREEPAY CORPORATION,US391506125,FISERV INC,US,WI,17594002.624001
436736-112,KRAUSS-MAFFEI CORPORATION,CN9502455515,SINOCHEM HOLDINGS CORPORATION LTD,CN,,29658197.888688
437013-112,"CONSUMERINFO.COM, INC.",GBJE93905,EXPERIAN PLC,GB,,6099339.142837
437043-112,E3 FEDERAL SOLUTIONS PR INC.,GB04586941,QINETIQ GROUP PLC,GB,,1802613.855992
435583-112,SUN COAST RESOURCES INC.,US124033392L,"AMERICAN INDUSTRIAL PARTNERS III, L.P.",US,CA,942246.842478
435306-1512,TCS TECH NETWORK LLC,US372492770L,TCS TECH NETWORK LLC,US,DE,804389.372216
436940-112,WILLIS TOWERS WATSON SOUTHEAST INC.,IE475616,WILLIS TOWERS WATSON PUBLIC LIMITED COMPANY,IE,,8214150.787727
436353-112,DSV AIR & SEA INC.,DK58233528,DSV A/S,DK,,31146923.20783
436933-1512,PSEG PUERTO RICO LLC,US372634673L,PSEG PUERTO RICO LLC,US,DE,804389.372216
435194-112,"MCNEIL & COMPANY, INC.",BM29407R,ARCH CAPITAL GROUP LTD,BM,,8930435.217801
435537-1512,LOCKTON AFFINITY LLC,US149118496L,"LOCKTON COMPANIES, LLC",US,MO,1735745.827353
437223-112,CITY ELECTRIC SUPPLY COMPANY,US131095628L,CITY ELECTRIC SUPPLY COMPANY,US,FL,1537555.871049
437729-112,"NOVO NORDISK PHARMA,  INC.",DK24256790,NOVO NORDISK A/S,DK,,31732476.91998
437499-112,"PTC THERAPEUTICS, INC.",US043416587,"PTC THERAPEUTICS, INC.",US,NJ,848707.311418
438415-112,"TOSHIBA GLOBAL COMMERCE SOLUTIONS, INC.",JP1010001230585,TBJ HOLDING INC.,JP,,23207432.342388
439981-1512,SECURITY & TECHNOLOGY DISTRIBUTORS LLC,US312254564L,SECURITY & TECHNOLOGY DISTRIBUTORS LLC,US,FL,1079741.517012
440709-1512,JACE MEDICAL LLC,US134151777,"ZIMMER BIOMET HOLDINGS, INC.",US,IN,6813667.620435
439773-1512,"CH2M FACILITY SUPPORT SERVICES,  LLC",US881121891,JACOBS SOLUTIONS INC.,US,TX,15068564.438604
440259-112,HCL AMERICA SOLUTIONS  INC.,IN30691FI,HCL TECHNOLOGIES LIMITED,IN,,11597870.245203
439873-1512,FERME ATABEIRA  L.L.C.,US313004087L,FERME ATABEIRA L.L.C.,US,DC,804389.372216
441105-112,AVAYA CLOUD INC.,US261119726,AVAYA HOLDINGS CORP.,US,CA,2294505.310353
440259-112,HCL AMERICA SOLUTIONS  INC.,IN30691FI,HCL TECHNOLOGIES LIMITED,IN,,11597870.245203
441385-112,PROSEGUR TECHNOLOGY INTERNATIONAL INC.,ESB78510492,GUBEL SL,ES,,4362102.993759
441812-112,"CARFAX, INC.",US131026995,S&P GLOBAL INC.,US,NY,11515847.590972
441892-1512,"PRODUCTION RESOURCE GROUP, L.L.C.",US127888573L,PRODUCTION RESOURCE GROUP LLC,US,NY,974747.340829
442004-1512,"BEECHER CARLSON INSURANCE SERVICES, LLC",US590864469,BROWN & BROWN INC,US,FL,3292851.799269
442314-1512,TECHSTARS CENTRAL LLC,US310669331L,TECHSTARS CENTRAL LLC,US,DE,1511521.758191
442456-1512,"DEEP BLUE COMMUNICATIONS, LLC",US270000798,COMCAST CORPORATION,US,PA,112027320.912138
442785-112,PLUG POWER INC.,US223672377,PLUG POWER INC,US,NY,806642.171925
442789-112,DEALER INSPIRE INC.,US396798938L,DEALER INSPIRE INC,US,PA,804389.372216
442852-112,"NUTRITION & BIOSCIENCES USA 4, INC.",US399443378L,"NUTRITION & BIOSCIENCES USA 4, INC.",US,NM,1277094.412696
441320-1511,"PRAK INDUSTRIES, LLC",US329378003L,PRAK INDUSTRIES LLC,US,,804389.372216
441609-112,SOURCEPOINT FULFILLMENT SERVICES INC.,IN001570615IND,RPSG VENTURES LIMITED,IN,,803193.463837
441730-112,SAFILO USA CORPORATION,IT03032950242,SAFILO GROUP SPA,IT,,1058290.083256
442235-1512,PROVANTAGE CORPORATE SOLUTIONS LLC,US355583369L,PROVANTAGE CORPORATE SOLUTIONS LLC,US,RI,809293.905081
443343-112,"SUN COUNTRY, INC.",US314879018L,"SUN COUNTRY, INC.",US,MN,838177.788234
443364-1512,MASTERCARD TRANSACTION SERVICES (US) LLC,US134172551,MASTERCARD,US,NY,22787487.705472
443581-1512,SMA SOLAR TECHNOLOGY AMERICA LLC,DE6150026135,SMA SOLAR TECHNOLOGY AG,DE,,1047675.820468
444650-112,SQUARETRADE INS SERVICES INC.,US363871531,THE ALLSTATE CORP.,US,IL,46007149.12791
445290-112,"CSG FORTE PAYMENTS,  INC.",US470783182,CSG SYSTEMS INTERNATIONAL INC,US,CO,1077458.067358
443605-1512,COSTCO-INNOVEL SOLUTIONS  LLC,US911223280,COSTCO WHOLESALE CORP,US,WA,226954000.0
447320-112,"TRINOVA,  INC.",IE512978,EATON CORPORATION PLC,IE,,19122749.130365
446185-1512,"COMINO FILM TRANSPORTATION, LLC",US366303425L,"COMINO FILM TRANSPORTATION, LLC",US,DE,804389.372216
447074-112,"ALERA GROUP,  INC.",US*4000000225888,"ALERA GROUP ULTIMATE HOLDINGS, LLC",US,,5603209.115685
446295-1512,"CONNECTED RISK SOLUTIONS, LLC",US611937225,BALDWIN INSURANCE GROUP INC,US,FL,903723.302433
449029-113,KARL STORZ ENDOSCOPIA MEXICO SOCIEDAD ANONIMA CORP.,DE7270007346,KARL STORZ SE & CO. KG,DE,,2024511.623886
448361-112,BELL TEXTRON INC.,US050315468,TEXTRON INC,US,RI,13080358.370348
448432-112,"AFLAC BENEFITS SOLUTIONS, INC.",US581167100,AFLAC INC.,US,GA,17768152.05896
450965-1512,"NUTRITION & BIOSCIENCES USA 2, LLC",US131432060,INTERNATIONAL FLAVORS & FRAGRANCES INC,US,NY,11463317.191054
451822-1512,PHOENIX UNIVERSAL CAPITAL I LLC,US366215573L,PHOENIX UNIVERSAL CAPITAL I LLC,US,DE,781803.08794
452062-1512,JDL-GP  LLC,US266681324L,"JDL GP, LLC",US,TX,760742.863108
452699-112,CANADIAN SOLAR (USA) INC.,CA33410NC,CANADIAN SOLAR INC.,CA,ON,6882239.392397
453870-1512,"NUTRITION & BIOSCIENCES USA 3, LLC",US131432060,INTERNATIONAL FLAVORS & FRAGRANCES INC,US,NY,11463317.191054
454483-112,TEXAS INSTRUMENTS INCORPORATED,US750289970,TEXAS INSTRUMENTS INC,US,TX,18777432.598157
453659-122,UNITED CLERGY TASK FORCE INC.,US342991046L,UNITED CLERGY TASK FORCE INC,US,VA,804389.372216
454844-112,"BETTER HOLDCO, INC.",GB*Z00609819,AURORA ACQUISITION CORPORATION,GB,,2576334.78538
455094-1512,MJ HOLDINGS CREATION LLC,US408570758L,MJ HOLDINGS CREATION LLC,US,TX,804389.372216
455593-1512,"SIGNIFY HEALTH,  LLC",US050494040,CVS HEALTH CORPORATION,US,RI,329686423.866741
455889-112,"CNA WARRANTY SERVICES, INC.",US146891345L,RELIASTAR FINANCIAL CORP,US,OH,6925430.501659
455890-112,AMERICAN EXPRESS COMPANY,US134922250,AMERICAN EXPRESS COMPANY,US,NY,54665133.837989
456412-1512,W. BROWN & ASSOCIATES INS SERVICES LLC,JP9011101055980,SOMPO HOLDINGS INC.,JP,,28240466.843849
457031-1512,GURU CULTIVATION LLC,US320091380L,GURU CULTIVATION LLC,US,CA,804389.372216
456278-1512,"BASTIAN SOLUTIONS, LLC",JP3180301014273,TOYOTA INDUSTRIES CORPORATION,JP,,23333307.734957
456174-1512,"SUNRUN KRONOS MANAGER 2020,  LLC",US262841711,SUNRUN INC.,US,CA,2176470.198566
456287-1512,"SUNRUN KRONOS OWNER 2020, LLC",US262841711,SUNRUN INC.,US,CA,2176470.198566
456200-1512,ANHELO INSURANCE SOLUTIONS LLC,IE475616,WILLIS TOWERS WATSON PUBLIC LIMITED COMPANY,IE,,8214150.787727
458205-1512,"SKECHERS USA RETAIL, LLC",US954376145,SKECHERS USA INC,US,CA,7372223.180304
459339-1512,"ENEL X PR HOLDINGS, LLC",IT00811720580,ENEL SPA,IT,,136828763.295321
459439-1512,"SUNRUN JUNO OWNER 2021, LLC",US262841711,SUNRUN INC.,US,CA,2176470.198566
459445-1512,"SUNRUN JUNO MANAGER 2021,  LLC",US262841711,SUNRUN INC.,US,CA,2176470.198566
458053-1512,VERUS HEALTHCARE  LLC,US823677704,ADAPTHEALTH CORP.,US,PA,2737372.722456
459439-1512,"SUNRUN JUNO OWNER 2021, LLC",US262841711,SUNRUN INC.,US,CA,2176470.198566
459476-112,ALTAIRNANO INCORPORATED,VG*L000000217869,YIN LONG INTERNATIONAL INVESTMENT LIMITED,VG,,1101993.448232
459932-1512,NYDIG CUSTODY LLC,US349317776L,NYDIG CUSTODY LLC,US,MI,804389.372216
460201-112,LANCER CORPORATION,JP4180001069484,HOSHIZAKI CORPORATION,JP,,2232261.863855
460599-1512,"SUNNOVA TEP V-B, LLC",US205654756,GENERAC HOLDINGS INC.,US,WI,4206354.771935
460714-1512,"ENEL X LAS PIEDRAS, LLC",IT00811720580,ENEL SPA,IT,,136828763.295321
460723-1512,"ENEL X ARECIBO,  LLC",IT00811720580,ENEL SPA,IT,,136828763.295321
461101-1512,"SUNRUN LUNA HOLDCO 2021, LLC",US262841711,SUNRUN INC.,US,CA,2176470.198566
461105-1512,"SUNRUN LUNA PORTFOLIO 2021,  LLC",US262841711,SUNRUN INC.,US,CA,2176470.198566
461257-1512,"SUNRUN PEGASUS OWNER 2021, LLC",US262841711,SUNRUN INC.,US,CA,2176470.198566
461258-1512,"SUNRUN PEGASUS MANAGER 2021,  LLC",US262841711,SUNRUN INC.,US,CA,2176470.198566
461357-1512,SANSSOUCISI LLC,US349496828L,"SANSSOUCISI, LLC",US,DE,804389.372216
460590-1512,"SUNNOVA TEP V-A,  LLC",US205654756,GENERAC HOLDINGS INC.,US,WI,4206354.771935
460599-1512,"SUNNOVA TEP V-B, LLC",US205654756,GENERAC HOLDINGS INC.,US,WI,4206354.771935
461099-1512,"SUNRUN LUNA DEPOSITOR 2021,  LLC",US262841711,SUNRUN INC.,US,CA,2176470.198566
460590-1512,"SUNNOVA TEP V-A,  LLC",US205654756,GENERAC HOLDINGS INC.,US,WI,4206354.771935
462222-1512,CE PASSIONIST CSGPR  LLC,US372376358L,CE PASSIONIST CSGPR LLC,US,DE,804389.372216
462314-1512,REINA CAPITAL II LLC,US350578955L,REINA CAPITAL II LLC,US,DE,804389.372216
462569-112,"M.C. DEAN,  INC.",US131866833L,"M.C. DEAN, INC",US,VA,1027148.860295
462592-812,NIXON PEABODY LLP,US126110837L,NIXON PEABODY TRUST COMPANY LLC,US,MA,1508596.608028
463510-1512,"POPULAR CENTER HOLDINGS, LLC",US660667416,"POPULAR, INC",US,TX,2861222.497983
463516-1512,"SUNRUN RAGNAR OWNER 2021, LLC",US262841711,SUNRUN INC.,US,CA,2176470.198566
462578-1512,ENDO AESTHETICS LLC,IE534814,ENDO INTERNATIONAL PLC,IE,,2136818.275748
464825-812,"LINEBARGER GOGGAN BLAIR & SAMPSON,  LLP",US129295235L,LINEBARGER GOGGAN BLAIR & SAMPSON LLP,US,TX,967781.805745
463915-1512,ISLAND PRODUCTIONS   LLC,US366757520L,ISLAND PRODUCTION SERVICES I LLC,US,HI,1104590.296283
465123-1512,"SUNRUN ULYSSES OWNER 2021, LLC",US262841711,SUNRUN INC.,US,CA,2176470.198566
465130-1512,"SUNRUN ULYSSES MANAGER 2021, LLC",US262841711,SUNRUN INC.,US,CA,2176470.198566
465390-1512,"SUNRUN RAGNAR MANAGER 2021, LLC",US262841711,SUNRUN INC.,US,CA,2176470.198566
465011-112,"TOAST, INC.",US454168768,TOAST INC,US,MA,3561555.769781
465093-112,"ACH FOOD COMPANIES, INC.",GB00293262,ASSOCIATED BRITISH FOODS PLC,GB,,22326120.296617
465153-112,"GEA MECHANICAL EQUIPMENT US,  INC.",DE5050680511,GEA GROUP AG,DE,,5076184.696612
464679-1512,DOS MEDICOS  LLC,US251599871L,DOS MEDICOS LLC,US,CA,959466.842222
465463-112,"RAMBOLL US CONSULTING, INC.",DK10160669,RAMBOLL GRUPPEN A/S,DK,,1740424.685194
465978-1512,"STROZ FRIEDBERG, LLC",IE604607,AON PUBLIC LIMITED COMPANY,IE,,11499253.417697
466093-112,PHIBRO ANIMAL HEALTH  CORPORATION,US126471824L,BFI CO,US,MA,907154.252581
466296-112,"AMN HEALTHCARE LANGUAGE SERVICES, INC.",US061500476,"AMN HEALTHCARE SERVICES, INC.",US,CA,3491756.666666
467324-1512,"JANMAAT CAPITAL, LLC",US366223325L,JANMAAT CAPITAL LLC,US,DE,804389.372216
467446-812,STANTEC CONSULTING PUERTO RICO  LLP,CA30358NC,STANTEC INC,CA,AB,3019380.044853
467750-1512,ELR II LLC,US376058537L,ELR II LLC,US,IL,804389.372216
467537-112,"AMWINS GLOBAL RISKS INTERNATIONAL, INC.",US336178943L,"AMWINS GLOBAL RISKS INTERNATIONAL, INC.",US,FL,2221630.000628
467873-1512,"PRESTIGE EMPLOYEE ADMINISTRATORS, LLC",US377121683L,"PRESTIGE EMPLOYEE ADMINISTRATORS, LLC",US,MI,804389.372216
468170-112,"TRAILER BRIDGE INTERNATIONAL, INC.",US365251721L,"TRAILER BRIDGE INTERNATIONAL, INC.",US,DE,913406.953516
468196-112,LOCSAUN AMERICA INC.,US365294816L,LOCSAUN AMERICA INC.,US,DE,804389.372216
468209-1512,"767 LENDER, LLC",US374349989L,"767 LENDER, LP",US,DE,804389.372216
468617-1512,SARGUS  LLC,US350822201L,SARGUS LLC,US,DE,804389.372216
468667-1512,"MCUS, LLC",US358206476L,MCUS,US,VA,804389.372216
468777-312,"FIFTH THIRD BANK, NATIONAL ASSOCIATION",US310854434,FIFTH THIRD BANCORP,US,OH,8424258.565064
469012-1512,"SUNRUN DEMETER DEPOSITOR 2021-2, LLC",US262841711,SUNRUN INC.,US,CA,2176470.198566
469017-1512,"SUNRUN DEMETER INVESTOR 2021-2, LLC",US262841711,SUNRUN INC.,US,CA,2176470.198566
469074-1512,"SUNRUN DEMETER ISSUER 2021-2, LLC",US262841711,SUNRUN INC.,US,CA,2176470.198566
469128-1512,"SUNRUN DEMETER MANAGER 2021-2, LLC",US262841711,SUNRUN INC.,US,CA,2176470.198566
469153-1512,"SUNRUN DEMETER HOLDCO 2021-2, LLC",US262841711,SUNRUN INC.,US,CA,2176470.198566
469418-1512,"SUNRUN DEMETER OWNER 2021-2, LLC",US262841711,SUNRUN INC.,US,CA,2176470.198566
469692-1512,"SUNRUN CALYPSO MANAGER 2021, LLC",US262841711,SUNRUN INC.,US,CA,2176470.198566
469366-1512,ENSEMBLE COMMERCIAL SERVICES LLC,US313119605L,"ENSEMBLE COMMERCIAL SERVICES, LLC",US,MD,804389.372216
471587-1512,CONCEPTS MEDIA GROUP LLC,US318925298L,"CONCEPTS MEDIA GROUP, LLC",US,FL,1079741.517012
471562-1512,"SUNRUN DEMETER PLEDGOR 2021-2,  LLC",US262841711,SUNRUN INC.,US,CA,2176470.198566
471300-112,NOVA BUS (US)  INC.,US353222198L,NOVA BUS (US) INC.,US,MN,961997.527365
471523-1512,GRHPR MANAGEMENT COMPANY LLC,US326511944L,HRPR MANAGEMENT LLC,US,VA,804389.372216
471756-1512,"SUNRUN CYGNUS OWNER 2019, LLC",US262841711,SUNRUN INC.,US,CA,2176470.198566
472750-612,FIRST-CITIZENS BANK & TRUST COMPANY,US561528994,FIRST CITIZENS BANCSHARES,US,NC,17379741.695901
473507-1512,"BEVERAGE PUERTO DEL REY, LLC",US382730780,"SUN COMMUNITIES, INC.",US,MI,2736547.713386
473724-1512,"BQN OF UTAH, LLC",US380323799L,"BQN OF UTAH, LLC",US,UT,804389.372216
471763-1512,"SUNRUN JUNO OWNER 2019, LLC",US262841711,SUNRUN INC.,US,CA,2176470.198566
474304-1512," SUNNOVA TEP V-E,  LLC",US349453589L,SUNNOVA TEP V-E LLC,US,DE,1694035.364183
474665-113,AIR CANADA,CA90001NC,AIR CANADA,CA,QC,14902972.943333
474888-1512,"JLC 2052 CALLE ESPANA QOF, LLC",US351133433L,"JLC 2052 CALLE ESPANA QOF, LLC",US,DE,804389.372216
476180-113,ACCENTURE OPERATIONS SERVICES PRIVATE LIMITED INC.,IE471706,ACCENTURE PUBLIC LIMITED COMPANY,IE,,59078301.458696
476434-1512,"SHM PUERTO DEL REY TRS, LLC",US382730780,"SUN COMMUNITIES, INC.",US,MI,2736547.713386
476485-1512,YOURPAY LLC,US391506125,FISERV INC,US,WI,17594002.624001
477184-1512,"CHESAPEAKE WASTE SOLUTIONS,  LLC",US294715208L,"CHESAPEAKE WASTE SOLUTIONS, LLC",US,NJ,931934.042043
476571-1512," SUNRUN JUPITER HOLDCO 2022-1, LLC",US262841711,SUNRUN INC.,US,CA,2176470.198566
476644-1512,"SUNRUN JUPITER INVESTOR 2022-1, LLC",US262841711,SUNRUN INC.,US,CA,2176470.198566
476791-1512,"SUNRUN JUPITER OWNER 2022-1, LLC",US262841711,SUNRUN INC.,US,CA,2176470.198566
476802-1512,"SUNRUN JUPITER PLEDGOR 2022-1, LLC",US262841711,SUNRUN INC.,US,CA,2176470.198566
476811-1512,"SUNRUN JUNO MANAGER 2022, LLC",US262841711,SUNRUN INC.,US,CA,2176470.198566
477429-112,"ALK-ABELLO, INC.",DK21855545,LUNDBECKFOND INVEST A/S,DK,,2720461.649126
475961-1512,"ENPHASE SERVICE COMPANY, LLC",US204645388,"ENPHASE ENERGY, INC.",US,CA,2185312.31794
476663-112,"THE BOSTON CONSULTING GROUP INTERNATIONAL, INC.",US149118972L,"BOSTON MEDIA GROUP, INC.",US,MA,1993337.283617
476567-1512,"SUNRUN JUPITER DEPOSITOR 2022-1, LLC",US262841711,SUNRUN INC.,US,CA,2176470.198566
476586-1512," SUNRUN JUPITER HOLDINGS 2022-1, LLC",US262841711,SUNRUN INC.,US,CA,2176470.198566
476722-1512,"SUNRUN JUPITER ISSUER 2022-1, LLC",US262841711,SUNRUN INC.,US,CA,2176470.198566
476743-1512,"SUNRUN JUPITER MANAGER 2022-1, LLC",US262841711,SUNRUN INC.,US,CA,2176470.198566
476818-1512," SUNRUN JUNO OWNER 2022, LLC",US262841711,SUNRUN INC.,US,CA,2176470.198566
478110-1512,POPULAR IMPACT FUND LLC,US660667416,"POPULAR, INC",US,TX,2861222.497983
478526-1512,SK FILM PROJECT LLC,US353731907L,SK FILM PROJECT LLC,US,DE,804389.372216
478911-1512,"STADIUM TECHNOLOGY GROUP, LLC",GBIM004685V,ENTAIN PLC,GB,,4778375.957896
479796-812,ERNST & YOUNG LLP,US245251451L,ERNST & YOUNG U.S. LLP,US,NY,18281439.759312
479798-112,NTT CLOUD COMMUNICATIONS U.S. INC.,JP7010001065142,NIPPON TELEGRAPH AND TELEPHONE CORPORATION,JP,,90686677.773854
478039-112,"PAR PHARMACEUTICAL, INC.",IE534814,ENDO INTERNATIONAL PLC,IE,,2136818.275748
478482-1512,"SUNRUN LUNA PLEDGOR 2021, LLC",US262841711,SUNRUN INC.,US,CA,2176470.198566
480054-1512,PPR MANATI LLC,US354631700L,PPR MANATI LLC,US,DE,804389.372216
480300-1512,"AFFIRM LOAN SERVICES,  LLC",US842224323,"AFFIRM HOLDINGS, INC.",US,CA,1289757.421899
480709-1512,"SHM PUERTO DEL REY, LLC",US382730780,"SUN COMMUNITIES, INC.",US,MI,2736547.713386
482010-1512,PAREXEL INTERNATIONAL LLC,US313408616L,"PAREXEL INTERNATIONAL, LLC",US,DE,968043.877207
480798-112,IPG PHOTONICS CORPORATION,US043444218,IPG PHOTONICS CORPORATION,US,MA,1340284.723307
481192-112,AVASO FEDERAL SOLUTIONS INC.,US406731521L,AVASO FEDERAL SOLUTIONS INC.,US,GA,804389.372216
482554-1512,"FIRSTSOURCE HEALTH PLANS AND HEALTHCARE SERVICES, LLC",IN001570615IND,RPSG VENTURES LIMITED,IN,,803193.463837
484243-1512,"LIQUID WEB, LLC",US365190434L,LIQUID WEB LLC,US,MN,1910250.678228
484318-112,SWISH ANALYTICS PUERTO RICO INC.,US372385838L,SWISH ANALYTICS PENNSYLVANIA INC.,US,DE,804389.372216
484515-112,TTEC SERVICES  CORPORATION,US841291044,"TTEC HOLDINGS, INC.",US,CO,2251847.190309
485340-113,VISTAPRINT NETHERLANDS B.V.,IE607465,CIMPRESS PLC,IE,,2837841.097739
485853-1512,"VEYER, LLC",US592663954,ODP CORPORATION,US,DE,7824359.757754
484830-1512,"HIGH PERFORMANCE AUTOMATION & CONTROLS, LLC",US400603991L,"HIGH PERFORMANCE AUTOMATION & CONTROLS, LLC",US,TN,804389.372216
484376-112,"FIRST COMMAND ADVISORY SERVICES, INC.",US348687779L,FIRST COMMAND ADVISORY SERVICES INC.,US,TX,1089919.546924
484925-112,LEARNING INNOVATION CATALYST INC.,US344215202L,LEARNING INNOVATION CATALYST INC.,US,FL,1250526.503612
486148-1512,"NAVVIS & COMPANY, LLC",US348630818L,NAVVIS & CO LLC,US,MO,857042.477604
486373-1512,"BORREGO ENERGY, LLC",TW35412204,WALSIN LIHWA CORPORATION,TW,,5413484.121353
486437-112,AMAZON WEB SERVICES INC.,US911646860,"AMAZON.COM, INC.",US,WA,529657573.789955
486682-1512,"ODP BUSINESS SOLUTIONS,  LLC",US592663954,ODP CORPORATION,US,DE,7824359.757754
487928-1512,"SUNNOVA HELIOS X ISSUER, LLC",US358176137L,"SUNNOVA HELIOS X ISSUER, LLC",US,TX,804389.372216
486374-1512,"48FORTY SOLUTIONS, LLC",US371302241L,"AUDAX MANAGEMENT COMPANY HOLDINGS, LLC",US,DE,1224452.115698
486482-1512,"SUNRUN PEGASUS MANAGER 2022, LLC",US262841711,SUNRUN INC.,US,CA,2176470.198566
486922-1512,"SUNRUN TERRA OWNER 2022, LLC",US262841711,SUNRUN INC.,US,CA,2176470.198566
486928-1512,"SUNRUN TERRA PORTFOLIO 2022-A, LLC",US262841711,SUNRUN INC.,US,CA,2176470.198566
486931-1512,"SUNRUN TERRA MANAGER 2022, LLC",US262841711,SUNRUN INC.,US,CA,2176470.198566
486935-1512,"SUNRUN TERRA PORTFOLIO 2022-B,  LLC",US262841711,SUNRUN INC.,US,CA,2176470.198566
487800-112,STONEX FINANCIAL INC.,US592921318,STONEX GROUP INC,US,NY,55160481.468387
486495-1512,"SUNRUN PEGASUS OWNER 2022, LLC",US262841711,SUNRUN INC.,US,CA,2176470.198566
487141-111,MORGAN-WHITE GROUP INC.,YY*907257415,WHEATON HOLDINGS,,,1396234.458124
488793-122,EMBECTA CORP.,US871583942,EMBECTA CORP.,US,NJ,1158698.735517
489368-112,"SOLAREDGE TECHNOLOGIES, INC.",US205338862,"SOLAREDGE TECHNOLOGIES, INC.",US,DE,2916070.215896
489503-812,"FORVIS MAZARS, LLP",US149162285L,BKD LLP,US,MO,1580724.55365
489615-812,"TROON PUERTO RICO, LLP",US361923344L,"TROON PUERTO RICO, LLP",US,DE,944739.51344
488801-112,"EUROSTAR,  INC.",US133513936,FOOT LOCKER INC.,US,NY,8071316.312254
490481-1512,HOLOGIC SALES AND SERVICE LLC,US042902449,HOLOGIC INC,US,MA,3713971.703211
491244-113,LOUIS DREYFUS COMPANY MEXICO SA DE CV CORPORACIÓN,NL34274127,LOUIS DREYFUS HOLDING B.V.,NL,,55225752.37473
491387-112,PALANTIR TECHNOLOGIES INC.,US680551851,PALANTIR TECHNOLOGIES INC.,US,CO,2050322.529785
491459-112,MAN ENERGY SOLUTIONS USA INC.,DE7330003759,PORSCHE AUTOMOBIL HOLDING SE,DE,,274445934.119
491664-112,INSULET CORPORATION,US043523891,INSULET CORPORATION,US,MA,1535836.414808
491920-112,"AMERICAN WAGERING, INC.",GI90099,888 HOLDINGS PLC,GI,,1141539.792192
491951-112,"RINGCENTRAL, INC.",US943322844,"RINGCENTRAL, INC.",US,CA,1993147.521789
490290-122,RESEARCH TRIANGLE INSTITUTE,US149106963L,"RESEARCH TRIANGLE INSTITUTE GLOBAL, INC.",US,NC,1534784.160335
493222-1512,PLAYA AZUL 605 LLC,US358148405L,PLAYA AZUL 605 LLC,US,DE,804389.372216
493650-112,NATERA INC.,US010894487,"NATERA, INC.",US,CA,979701.822765
493791-1512,ONE SALINAS INDUSTRIAL LLC,US359126924L,ONE SALINAS INDUSTRIAL LLC,US,DE,804389.372216
493881-112,"OWENS & MINOR DISTRIBUTION, INC.",US541701843,OWENS & MINOR INC,US,VA,9173864.957587
493891-112,MEDICAL ACTION INDUSTRIES INC.,US541701843,OWENS & MINOR INC,US,VA,9173864.957587
493903-1512,"SUNRUN RAGNAR OWNER 2023, LLC",US262841711,SUNRUN INC.,US,CA,2176470.198566
493975-1512,"EDPRNA DG PR RADAR, LLC",PT500697256,"EDP, S.A.",PT,,20296820.063177
494310-112,SKYBANDITZ INTERNATIONAL INC.,US161651043L,SKY BANDITZ INTERNATIONAL,US,FL,781803.08794
492467-1512,HYLIFE FOODS WINDOM LLC,TH0107537000246,CHAROEN POKPHAND FOODS PCL,TH,,16375470.770135
494475-1513,HEWLETT PACKARD ENTERPRISE HEMISFERICA B.V. LLC,US473298624,HEWLETT PACKARD ENTERPRISE COMPANY,US,CA,26847559.790228
494813-1512,"TERRAFORM LUMINACE US OPERATIONS SERVICES, LLC",US379908500L,TERRAFORM LUMINACE US OPERATIONS SERVICES LLC,US,NY,804389.372216
495487-112,JDR CABLE SYSTEMS INC.,PL270543582,TELE-FONIKA KABLE S.A.,PL,,1129077.94403
496263-112,"SQUARE MOBILE, INC.",US353751098L,SQUARE MOBILE INC,US,DE,804389.372216
495856-1512,GOMOAD LLC,US359288591L,GOMOAD LLC,US,DE,804389.372216
495008-1512,"SUNRUN RAGNAR MANAGER 2023, LLC",US262841711,SUNRUN INC.,US,CA,2176470.198566
495783-1512,ROD-HI ENTERPRISES LLC,US346179176L,"ROD-HI ENTERPRISES, LLC",US,FL,804389.372216
496214-1512,"SUNRUN POSEIDON PORTFOLIO 2022-A, LLC",US262841711,SUNRUN INC.,US,CA,2176470.198566
496218-1512,"SUNRUN POSEIDON PORTFOLIO 2022-B, LLC",US262841711,SUNRUN INC.,US,CA,2176470.198566
496388-1512,"SUNRUN POSEIDON HOLDCO 2022, LLC",US262841711,SUNRUN INC.,US,CA,2176470.198566
496885-1512,"SOLARWINDS WORLDWIDE, LLC",US355916717L,"SOLARWINDS WORLDWIDE, LLC",US,DE,1693331.162316
496915-1512,"PORTIER, LLC",US452647441,"UBER TECHNOLOGIES, INC.",US,CA,34354011.660565
497862-112,"CELLTRION USA,  INC.",KR1350110034038,CELLTRION INC.,KR,,1660737.452595
497907-1512,LANDMARK INFRASTRUCTURE OPERATING COMPANY LLC,US464591526,DIGITALBRIDGE GROUP INC,US,CA,1054711.204415
498009-112,KEYENCE CORPORATION OF AMERICA CORPORATION,US353226041L,KEYENCE CORPORATION OF AMERICA,US,NM,1165058.678589
498035-1512,CIRO THREE SALINAS BESS LLC,US392513963L,CIRO THREE SALINAS BESS LLC,US,DE,804389.372216
498143-1512,FM:SYSTEMS GROUP LLC,IE543654,JOHNSON CONTROLS INTERNATIONAL PLC,IE,,24689440.006978
498459-112,"ENPHASE ENERGY, INC.",US204645388,"ENPHASE ENERGY, INC.",US,CA,2185312.31794
496654-1512,"NCO GROUP INTERNATIONAL, LLC",US132986051L,ALORICA INC.,US,CA,764979.915442
497688-1512,"SUNRUN POSEIDON HOLDINGS 2022, LLC",US262841711,SUNRUN INC.,US,CA,2176470.198566
497708-111,EIGHTEEN HUNDRED INC.,US353227997L,"EIGHTEEN HUNDRED, INC.",US,MN,824407.890632
498398-1512,HELIOS GENESIS GP LLC,US375449156L,HELIOS GENESIS GP LLC,US,DE,804389.372216
496618-122,SEAFARERS PUERTO RICO BUILDING CORPORATION,US363363614L,SEAFARERS PENNSYLVANIA BUILDING CORPORATION,US,PA,1215362.300424
497000-112,VALLEY NATIONAL BANK,US222477875,VALLEY NATIONAL BANCORP,US,NY,1775318.684141
497101-1512,"ENERTECH RESOURCES, LLC",CA5-62040066I,NEW ONCAN CANADIAN HOLDINGS LTD.,CA,,6680796.283647
497828-112,EBSCO INTERNATIONAL INC.,US120186348L,EBSCO INDUSTRIES INC,US,AL,1668855.10409
497042-112,EVIDENT SCIENTIFIC INC.,JP5011001005222,OLYMPUS CORPORATION,JP,,7023309.677248
499499-1512,ECC ENVIRONMENTAL LLC,US353299799L,ECC ENVIRONMENTAL LLC,US,CA,1210280.012337
500092-112,ATTACHMATE CORPORATION,CA31358NC,OPEN TEXT CORPORATION,CA,ON,4132855.890627
500135-112,STAR SAGRADO MANAGER CORP.,US375848624L,STAR SAGRADO LLC,US,DE,804389.372216
499057-112,GOLDI SOLAR  INC.,US392754701L,GOLDI SOLAR INC.,US,DE,804389.372216
499438-1512,SPRINT COMMUNICATIONS LLC,DE5030147137,DEUTSCHE TELEKOM AG,DE,,112451855.485587
500096-1512,STAR SAGRADO LLC,US375848624L,STAR SAGRADO LLC,US,DE,804389.372216
500135-112,STAR SAGRADO MANAGER CORP.,US375848624L,STAR SAGRADO LLC,US,DE,804389.372216
499308-1512,CONDUCTOR LLC,US851144904,WEWORK INC,US,NY,2990231.413775
499989-112,COMMUNICATIONS TEST DESIGN INC.,US128076972L,COMMUNICATIONS TEST DESIGN INC.,US,PA,951622.43295
500096-1512,STAR SAGRADO LLC,US375848624L,STAR SAGRADO LLC,US,DE,804389.372216
500130-112,PR LAND ACQUISITIONS INC.,US346976306L,"PR LAND ACQUISITIONS, INC.",US,FL,804389.372216
501553-1512,DGG RE INVESTMENTS LLC,US453449660,RITHM CAPITAL CORP,US,NY,3402072.108141
501555-122,"VOA LAJAS AH GP, INC.",US376807526L,"VOA LAJAS AH GP, INC.",US,DE,804389.372216
501559-122,"VOA LARES AH GP, INC.",US376097873L,"VOA LARES AH GP, INC.",US,DE,804389.372216
502014-1512,ISLA NENA LLC,US276850082L,ISLA NENA,US,PA,804389.372216
502430-1512,BLUE HERON-NA LLC,US402767108L,BLUE HERON-NA LLC,US,OR,804389.372216
502529-1512,BARRIO FINO FILM LLC,US406301036L,BARRIO FINO FILM LLC,US,FL,804389.372216
502596-112,"MASERGY CLOUD COMMUNICATIONS, INC.",US270000798,COMCAST CORPORATION,US,PA,112027320.912138
501733-112,HAEMONETICS CORPORATION,US042882273,HAEMONETICS CORPORATION,US,MA,1210854.966604
502312-1512,PONCE DE LEON DEVELOPER LLC,US401400944L,PONCE DE LEON DEVELOPER LLC,US,DE,804389.372216
501136-1512,"N2G WORLDWIDE INSURANCE SERVICES, LLC",IT00079760328,ASSICURAZIONI GENERALI SOCIETA' PER AZIONI,IT,,68117090.877892
503087-112,"BENTLEY SYSTEM, INCORPORATED",US953936623,"BENTLEY SYSTEMS, INCORPORATED",US,PA,1111685.47394
504212-112,"GEOCOMP, INC.",FR969202241,VIRIDIEN SA,FR,,854127.937017
504442-112,"BROWN & BROWN INSURANCE OF NEVADA, INC.",US590864469,BROWN & BROWN INC,US,FL,3292851.799269
504598-1512,"SUNRUN JUNO OWNER 2023, LLC",US262841711,SUNRUN INC.,US,CA,2176470.198566
504602-1512,"SUNRUN JUNO MANAGER 2023, LLC",US262841711,SUNRUN INC.,US,CA,2176470.198566
504605-1512,"SUNRUN RAGNAR MANAGER 2023-B, LLC",US262841711,SUNRUN INC.,US,CA,2176470.198566
503621-112,CERNER CORPORATION,US542185193,ORACLE CORP,US,CA,46032078.16887
504606-1512,"SUNRUN RAGNAR OWNER 2O23-B, LLC",US262841711,SUNRUN INC.,US,CA,2176470.198566
504697-112,"PIERCE MANUFACTURING, INC.",US390520270,OSHKOSH CORPORATION,US,WI,8899640.899581
504699-1512,"LIKEWIZE US, LLC",US350964965L,LIKEWIZE CORP.,US,TX,865495.977778
504733-1512,KEYLOGIC SYSTEMS L.L.C.,US149115868L,"THOMAS H. LEE PARTNERS, LIMITED PARTNERSHIP",US,MA,849538.092633
507313-1512,SPINTWO LLC,US392508347L,SPINTWO LLC,US,MD,804389.372216
507319-1512,NJRLEO LLC,US376422602L,NJRLEO LLC,US,TX,804389.372216
507821-1512,BERKELEY POINT CAPITAL LLC,USFEB11898,"CANTOR FITZGERALD, L P",US,NY,2493114.748389
507987-112,"IRONPLANET, INC.",CA32018NC,"RB GLOBAL, INC.",CA,BC,1597685.491679
506924-112,E-BUILDER INC.,US942802192,TRIMBLE INC.,US,CA,3500458.286959
507390-1512,"SUNRUN ULYSSES MANAGER 2023, LLC",US262841711,SUNRUN INC.,US,CA,2176470.198566
507401-1512,"SUNRUN ULYSSES OWNER 2023, LLC",US262841711,SUNRUN INC.,US,CA,2176470.198566
507408-112,"PAVILION PAYMENTS GAMING SERVICES, INC.",US582567903,GLOBAL PAYMENTS INC,US,GA,8896432.275007
509471-1512,"POPULAR EQUIPMENT FINANCE, LLC",US660667416,"POPULAR, INC",US,TX,2861222.497983
510475-112,"DR. REDDY'S LABORATORIES, INC.",IN30131FI,DR REDDY'S LABORATORIES LIMITED,IN,,2764984.494239
509413-1512,"SUZOHAPP GAMING SOLUTIONS,  LLC",US359870231L,"SUZOHAPP GAMING SOLUTIONS, LLC",US,MN,790971.939997
510195-1512,"SUNRUN JUNO OWNER 2023-B, LLC",US262841711,SUNRUN INC.,US,CA,2176470.198566
510480-1512,"SUNRUN JUNO MANAGER 2023-B, LLC",US262841711,SUNRUN INC.,US,CA,2176470.198566
510155-112,"INTELLIGENT MEDICAL OBJECTS, INC.",US149115868L,"THOMAS H. LEE PARTNERS, LIMITED PARTNERSHIP",US,MA,849538.092633
508866-112,CRISIS PREVENTION INSTITUTE INC.,FR379690167,WENDEL-PARTICIPATIONS SE,FR,,8863388.602224
510110-1512,RANCHO LAEL LLC,US341256875L,RANCHO LAEL LLC,US,FL,804389.372216
510195-1512,"SUNRUN JUNO OWNER 2023-B, LLC",US262841711,SUNRUN INC.,US,CA,2176470.198566
511088-112,"VUBIQUITY, INC.",GBGG19528,AMDOCS LIMITED,GB,,4503825.692796
512356-1512,"ASSUREDPARTNERS OF MARYLAND,  LLC",US364686101L,"ASSUREDPARTNERS OF MARYLAND, LLC",US,MN,804389.372216
512455-112,"B. RILEY WEALTH MANAGEMENT, INC.",US270223495,"B. RILEY FINANCIAL, INC.",US,CA,1026687.06632
512780-112,TEXTRON AVIATION INC.,US050315468,TEXTRON INC,US,RI,13080358.370348
511890-1512,"SUNRUN JULIUS PLEDGOR 2023-2, LLC",US379908329L,"SUNRUN JULIUS PLEDGOR 2023-2, LLC",US,CA,804389.372216
512937-1512,WAR HAMMER MANAGEMENT LLC,US325501067L,WAR HAMMER MANAGEMENT LLC,US,CA,804389.372216
513580-812,WELLINGTON MANAGEMENT COMPANY LLP,US126265148L,"WELLINGTON PPIF MANAGEMENT, LLC",US,MA,908494.716777
513592-1512,TEAMMB GETAWAYS LLC,US401900381L,TEAMMB GETAWAYS LLC,US,MO,804389.372216
513607-1512,CADENCE AM SERVICES LLC,US380859221L,CADENCE AM SERVICES LLC,US,TN,804389.372216
513096-1512,MVNO CONNECT LLC,US294958565L,MVNO CONNECT LLC,US,WY,1092214.975935
515601-112,THE REYNOLDS AND REYNOLDS COMPANY CORPORATION,US136001113L,REYNOLDS AND REYNOLDS COMPANY THE,US,OH,804753.128874
515645-1512,"SUNRUN RAGNAR OWNER 2023-C, LLC",US262841711,SUNRUN INC.,US,CA,2176470.198566
516298-1512,GOITIA MARCHIANO FAMILY LLC,US302062319L,GOITIA MARCHIANO FAMILY LLC,US,VA,1092214.975935
515641-1512,"SUNRUN RAGNAR MANAGER 2023-C, LLC",US262841711,SUNRUN INC.,US,CA,2176470.198566
517997-312,"FLAGSTAR BANK, N.A.",US061377322,"NEW YORK COMMUNITY BANCORP, INC",US,NY,1533045.160235
518886-1512,"FORTRA, LLC",US150238005L,"FORTRA, LLC",US,MN,773755.308857
519028-122,FORMACIÓN DE IGLESIAS DE SANTIDAD INC.,US400880495L,FORMACION DE IGLESIAS DE SANTIDAD INC,US,PA,804389.372216
518079-1512,ACG JM PR LLC,US351110453L,ACG JM PR LLC,US,DE,804389.372216
518441-1512,"DIEMAND ENTERPRISES, LLC",US380333015L,DIEMAND ENTERPRISES LLC,US,MT,804389.372216
518781-1512,SWANCHYBOY STUDIOS LLC,US378147752L,SWANCHYBOI STUDIOS LLC,US,FL,804389.372216
519988-1512,IMAGING BUSINESS MACHINES LIMITED LIABILITY COMPANY,US327177428L,ARES PARTNERS HOLDCO LLC,US,CA,2815558.112341
520037-112,"UNICITY USA, INC.",US372402326L,"UNICITY USA, INC.",US,DE,838633.929417
520451-112,"AMBOR STRUCTURES, INC.",US378504680L,"AMBOR STRUCTURES, INC.",US,FL,804389.372216
521240-122,MOVIMIENTO INTERNACIONAL  LUGAR DE PROPOSITOS INC.,US395644016L,MOVIMIENTO INTERNACIONAL LUGAR DE PROPOSITOS INC,US,PA,804389.372216
521814-112,"RDG PLANNING & DESIGN, INC.",US355062779L,"RDG PLANNING & DESIGN, INC.",US,MN,1745041.713502
522958-1512,"AFFIRM PAYMENTS, LLC",US842224323,"AFFIRM HOLDINGS, INC.",US,CA,1289757.421899
522959-1512,MASTERS RESOURCE LLC,US383420645L,MASTERS RESOURCE LLC,US,MO,804389.372216
522302-1512,BUTLER AMERICA LLC,IN30691FI,HCL TECHNOLOGIES LIMITED,IN,,11597870.245203
523273-112,AON FAC INC.,IE604607,AON PUBLIC LIMITED COMPANY,IE,,11499253.417697
525768-112,CALZEDONIA USA INC.,IT04579370232,DE LA COSTA S.R.L.,IT,,2994888.987598
525774-1512,CIPHER SECURITY LLC,ESB78510492,GUBEL SL,ES,,4362102.993759
525953-112,HARMAN INTERNATIONAL INDUSTRIES INCORPORATED,KR1301110006246,"SAMSUNG ELECTRONICS CO.,LTD.",KR,,219760973.208475
526599-1512,"LONG TERM CARE PARTNERS, L.L.C.",CAFEI1004166,MANULIFE FINANCIAL CORP,CA,ON,10834471.927345
527247-1512,"ACIMA DIGITAL, LLC",US450491516,UPBOUND GROUP INC,US,TX,3912081.325632
528748-1512,AUGMENT RISK SERVICES L.L.C.,US395991941L,AUGMENT RISK SERVICES LLC,US,FL,804389.372216
528890-1512,SLAUSON STREET VENTURES LLC,US359454722L,SLAUSON STREET VENTURES LLC,US,DE,804389.372216
527963-1512,"ASSUREDPARTNERS NL, LLC",KY*4000000164759,GTCR FEEDER LP,KY,,1720420.851689
528786-112,"ADIDAS AMERICA, INC.",DE8190216927,ADIDAS AG,DE,,22125138.945987
528854-112,"CREDIT KARMA OFFERS, INC.",US324383810L,CREDIT KARMA OFFERS INC,US,DE,972075.612584
530480-112,TREMCO CPG INC.,US020642224,RPM INTERNATIONAL INC.,US,OH,6686711.321311
530570-112,EFUNDS CORPORATION,US371490331,"FIDELITY NATIONAL INFORMATION SERVICES, INC.",US,FL,13387389.835156
532374-1512,AR3S LLC,US393319283L,AR3S LLC,US,AZ,804389.372216
532449-112,"COLLIERS ENGINEERING & DESIGN, INC.",CA40844NC,COLLIERS INTERNATIONAL GROUP INC.,CA,ON,3994783.025081
532913-112,EATON VANCE MANAGEMENT INC.,US363145972,MORGAN STANLEY,US,NY,49647014.872883
533111-112,OURO GLOBAL INC.,US354103082L,"OURO GLOBAL, INC.",US,TX,1072784.643925
531575-112,PARSONS ENVIRONMENT & INFRASTRUCTURE GROUP INC.,US401927273L,PARSONS ENVIRONMENT & INFRASTRUCTURE GROUP INC.,US,NM,804389.372216
