company_number,name,jurisdiction_code,locality,country_code,locality_upper_case,model_data_global_parent_bvdid
303-312,"CITIBANK, N.A.",pr,,US,,US521568099
7090-112,WHIRLPOOL CORPORATION,pr,Humacao,US,HUMACAO,US381490038
499438-1512,SPRINT COMMUNICATIONS LLC,pr,HUMACAO,US,HUMACAO,DE5030147137
474665-113,AIR CANADA,pr,San Juan,US,SAN JUAN,CA90001NC
13754-112,ROYAL CARIBBEAN CRUISES LTD.,pr,San Juan,US,SAN JUAN,LR30002MX
15712-112,KONINKLIJKE LUCHTVAART MAATSCHAPPIJ N.V.,pr,San Juan,US,SAN JUAN,NL33014286
5457-112,TEXTRON INC.,pr,Old San Juan,US,OLD SAN JUAN,US050315468
386053-113,COGNIZANT WORLDWIDE LIMITED,pr,Humacao,US,HUMACAO,US133728359
15284-112,NATURGY APROVISIONAMIENTOS S.A.,pr,SAN JUAN,US,SAN JUAN,ESA08015497
9054-112,"DE LAGE LANDEN FINANCIAL SERVICES, INC.",pr,Humacao,US,HUMACAO,NL30046259
15770-112,ACCENTURE SOLUTIONS PRIVATE LIMITED,pr,,US,,IE471706
15119-112,IBERIA LINEAS AEREAS DE ESPAÑA SOCIEDAD ANONIMA OPERADORA,pr,SAN JUAN,US,SAN JUAN,ESA85845535
12831-112,"GARTNER, INC.",pr,Humacao,US,HUMACAO,US043099750
15633-112,"VALLEN DISTRIBUTION, INC.",pr,San Juan,US,SAN JUAN,US133138625L
15443-112,WESTJET AIRLINES LTD.,pr,BAYAMON,US,BAYAMON,CA5-62040066I
11557-412,FIRST AMERICAN TITLE INSURANCE COMPANY,pr,HUMACAO,US,HUMACAO,US261911571
14084-112,BURLINGTON COAT FACTORY WAREHOUSE CORPORATION,pr,San Juan,US,SAN JUAN,US800895227
15785-112,CARGOLUX AIRLINES INTERNATIONAL S.A.,pr,,US,,LULB8916
3814-112,"AVON PRODUCTS, INC.",pr,San Juan,US,SAN JUAN,KR1101110003543
498-122,UNIVERSITY OF MIAMI,pr,SAN JUAN,US,SAN JUAN,US131211611L
10845-112,SAS INSTITUTE INC.,pr,San Juan,US,SAN JUAN,US149204549L
498459-112,"ENPHASE ENERGY, INC.",pr,HUMACAO,US,HUMACAO,US204645388
785-1532,USI INSURANCE SERVICES LLC,pr,San Juan,US,SAN JUAN,US164888562L
355587-112,AMERICAN GREETINGS CORPORATION,pr,SAN JUAN,US,SAN JUAN,US*B000039099
6479-112,EMD MILLIPORE CORPORATION,pr,Humacao,US,HUMACAO,DE6050002994
13513-112,"SEDGWICK CLAIMS MANAGEMENT SERVICES, INC.",pr,Humacao,US,HUMACAO,US128966810L
15739-112,INFOSYS BPM LIMITED,pr,Aguadilla,US,AGUADILLA,IN30143FI
11161-112,FERROVIAL CONSTRUCCIÓN S.A.,pr,SAN JUAN,US,SAN JUAN,NL73422134
414979-112,"AMERESCO, INC.",pr,San Juan,US,SAN JUAN,US043512838
530-122,BATTELLE MEMORIAL INSTITUTE,pr,,US,,US128528655L
407919-122,EDUCATIONAL MEDIA FOUNDATION INC.,pr,GUAYNABO,US,GUAYNABO,US124023201L
513580-812,WELLINGTON MANAGEMENT COMPANY LLP,pr,HUMACAO,US,HUMACAO,US126265148L
335-112,SOL PUERTO RICO LIMITED,pr,GUAYNABO,US,GUAYNABO,GB04306979
324663-1512,"INFOR (US), LLC",pr,GUAYNABO,US,GUAYNABO,US852096734
530570-112,EFUNDS CORPORATION,pr,SAN JUAN,US,SAN JUAN,US371490331
14702-112,BP MARINE LIMITED,pr,San Juan,US,SAN JUAN,GB00102498
14015-1512,"TRADESMEN INTERNATIONAL, LLC",pr,Humacao,US,HUMACAO,US208875684
11869-112,MARTINAIR HOLLAND N.V,pr,San Juan,US,SAN JUAN,NL33014286
14264-112,TCS E-SERVE INTERNATIONAL LIMITED,pr,San Juan,US,SAN JUAN,IN0000021455
397767-112,"APPLIED RESEARCH ASSOCIATES, INC.",pr,BAYAMON,US,BAYAMON,US149206148L
491244-113,LOUIS DREYFUS COMPANY MEXICO SA DE CV CORPORACIÓN,pr,SAN JUAN,US,SAN JUAN,NL34274127
11587-112,BRISTOL-MYERS SQUIBB MANUFACTURING COMPANY UNLIMITED COMPANY,pr,San Juan,US,SAN JUAN,US220790350
398993-113,OPTAL FINANCIAL LIMITED,pr,HUMACAO,US,HUMACAO,US010526993
449029-113,KARL STORZ ENDOSCOPIA MEXICO SOCIEDAD ANONIMA CORP.,pr,SAN JUAN,US,SAN JUAN,DE7270007346
13167-112,"EFACEC ENERGIA, MAQUINAS E EQUIPAMENTOS ELECTRICOS SA",pr,CAGUAS,US,CAGUAS,DE8170797738
476180-113,ACCENTURE OPERATIONS SERVICES PRIVATE LIMITED INC.,pr,GUAYNABO,US,GUAYNABO,IE471706
409632-113,APR ENERGY HOLDINGS LIMITED,pr,HUMACAO,US,HUMACAO,US*Z00588884
11989-112,LINDE PUERTO RICO B.V.,pr,GURABO,US,GURABO,IE606357
767-1532,SAP PUERTO RICO GMBH LLC,pr,Guaynabo,US,GUAYNABO,DE7050001788
415342-1512,"NOVASYTE, LLC",pr,San Juan,US,SAN JUAN,US271341991
8118-112,"WESTERN AUTO OF PUERTO RICO, INC.",pr,San Juan,US,SAN JUAN,US542049910
443364-1512,MASTERCARD TRANSACTION SERVICES (US) LLC,pr,San Juan,US,SAN JUAN,US134172551
389380-1512,EXCEL BUILDING SERVICES LLC,pr,CAROLINA,US,CAROLINA,US356287583L
15787-112,WENDY'S SINGAPORE PTE. LTD.,pr,,US,,US380471180
12506-112,"AMADEUS AIRPORT IT AMERICAS, INC.",pr,SAN JUAN,US,SAN JUAN,ESA84236934
485340-113,VISTAPRINT NETHERLANDS B.V.,pr,Bayamon,US,BAYAMON,IE607465
484-122,UNITED STATES FUND FOR UNICEF,pr,San Juan,US,SAN JUAN,US127608505L
13351-112,"ECI CUSTOMS BROKERAGE, INC.",pr,BAYAMON,US,BAYAMON,IN31440FI
452699-112,CANADIAN SOLAR (USA) INC.,pr,HUMACAO,US,HUMACAO,CA33410NC
418071-1512,SECURED LAND TRANSFERS LLC,pr,GUAYNABO,US,GUAYNABO,US208050955
496214-1512,"SUNRUN POSEIDON PORTFOLIO 2022-A, LLC",pr,HUMACAO,US,HUMACAO,US262841711
520451-112,"AMBOR STRUCTURES, INC.",pr,SAN JUAN,US,SAN JUAN,US378504680L
459339-1512,"ENEL X PR HOLDINGS, LLC",pr,BAYAMON,US,BAYAMON,IT00811720580
14481-112,"ICT ACCOUNTS RECEIVABLE MANAGEMENT, INC.",pr,Humacao,US,HUMACAO,FR519087993
347830-112,"KAPSCH TRAFFICCOM USA, INC.",pr,GUAYNABO,US,GUAYNABO,AT9110290826
469012-1512,"SUNRUN DEMETER DEPOSITOR 2021-2, LLC",pr,Humacao,US,HUMACAO,US262841711
420004-112,APPLE PAYMENTS INC.,pr,San Juan,US,SAN JUAN,US293545196L
520-122,"RECYCLING FOR A BETTER TOMORROW, A SCHNITZER STEEL INDUSTRIES CHARITABLE FOUNDATION CORPORATION",pr,San Juan,US,SAN JUAN,US930341923
977-1532,FCA SERVICE CONTRACTS LLC,pr,San Juan,US,SAN JUAN,NL60372958
11001-112,"FORD INTERNATIONAL BUSINESS DEVELOPMENT, INCORPORATED",pr,GUAYNABO,US,GUAYNABO,US380549190
350836-112,EX LIBRIS (USA) INC.,pr,Humacao,US,HUMACAO,US351187730L
521814-112,"RDG PLANNING & DESIGN, INC.",pr,SAN JUAN,US,SAN JUAN,US355062779L
11814-112,"AMG DISTRIBUTORS, INC.",pr,San Juan,US,SAN JUAN,US365218571L
13547-1512,"PERFORMANT TECHNOLOGIES, LLC",pr,BAYAMON,US,BAYAMON,US365219285L
437013-112,"CONSUMERINFO.COM, INC.",pr,San Juan,US,SAN JUAN,GBJE93905
461357-1512,SANSSOUCISI LLC,pr,VIEQUES,US,VIEQUES,US349496828L
478526-1512,SK FILM PROJECT LLC,pr,SAN JUAN,US,SAN JUAN,US353731907L
12287-112,PCCI RESOURCES INC.,pr,San Juan,US,SAN JUAN,US366120701L
13318-112,"TBI OUTSOURCING PUERTO RICO, INC.",pr,Humacao,US,HUMACAO,US367656845L
466296-112,"AMN HEALTHCARE LANGUAGE SERVICES, INC.",pr,Humacao,US,HUMACAO,US061500476
405176-1512,NRG DG DEVELOPMENT LLC,pr,San Juan,US,SAN JUAN,US411724239
10962-112,"COACH STORES PUERTO RICO, INC",pr,San Juan,US,SAN JUAN,US522242751
9481-112,"CCL PUERTO RICO, INC.",pr,SABANA GRANDE,US,SABANA GRANDE,CA*H00089252167
456412-1512,W. BROWN & ASSOCIATES INS SERVICES LLC,pr,SAN JUAN,US,SAN JUAN,JP9011101055980
4495-112,"SYNTEX PUERTO RICO, INC.",pr,San Juan,US,SAN JUAN,CHCHE111788344
12396-112,"BRISTOL-MYERS SQUIBB HOLDINGS PHARMA, LTD. LIABILITY COMPANY",pr,San Juan,US,SAN JUAN,US220790350
414560-112,WILLIS TOWERS WATSON CAC INC.,pr,Humacao,US,HUMACAO,IE475616
453870-1512,"NUTRITION & BIOSCIENCES USA 3, LLC",pr,SAN JUAN,US,SAN JUAN,US131432060
13831-112,"TO-RICOS DISTRIBUTION, LTD.",pr,Humacao,US,HUMACAO,BR02916265000160
13830-112,"TO-RICOS, LTD.",pr,Humacao,US,HUMACAO,BR02916265000160
13148-112,ABBVIE LTD,pr,Barceloneta,US,BARCELONETA,US320375147
13509-112,"ABBOTT DIAGNOSTICS INTERNATIONAL, LTD",pr,BARCELONETA,US,BARCELONETA,US360698440
15571-112,ABBOTT HEALTHCARE (PUERTO RICO) LTD.,pr,Barceloneta,US,BARCELONETA,US360698440
10344-112,"FMC AGRICULTURAL CARIBE INDUSTRIES, LTD.",pr,Manati,US,MANATI,US940479804
10345-112,"CELANESE MICROCIRCUITS INDUSTRIES, LTD.",pr,Manati,US,MANATI,US980420726
15790-112,"LIME RESIDENTIAL, LTD.",pr,Humacao,US,HUMACAO,CHCHE395345924
4687-112,"CROWN BEVERAGE PACKAGING PUERTO RICO, INC.",pr,San Juan,US,SAN JUAN,US753099507
401018-1512,"PCC SUB-CDE IV, LLC",pr,SAN JUAN,US,SAN JUAN,US660667416
7971-112,ELI LILLY EXPORT S.A.,pr,San Juan,US,SAN JUAN,US350470950
13693-112,AI(PUERTO RICO)PTY LTD,pr,San Juan,US,SAN JUAN,AU002818368
1-1533,DS REP B.V. LLC,pr,San Juan,US,SAN JUAN,US391434669
13521-112,HUBBELL CARIBE LIMITED,pr,VEGA BAJA,US,VEGA BAJA,US060397030
11234-112,"U.S.S.C. PUERTO RICO, INC.",pr,San Juan,US,SAN JUAN,IE545333
10561-112,BECTON DICKINSON CARIBE LTD.,pr,San Juan,US,SAN JUAN,US220760120
13577-112,CUTLER-HAMMER ELECTRICAL COMPANY,pr,Arecibo,US,ARECIBO,IE512978
417311-113,LCPR CAYMAN HOLDING INC.,pr,SAN JUAN,US,SAN JUAN,BM52714R
13917-112,"FENWAL INTERNATIONAL, INC.",pr,Humacao,US,HUMACAO,DE6290014544
13565-112,"INTEGRA CI, INC.",pr,Humacao,US,HUMACAO,US510317849
7732-112,"GRAYBAR INTERNATIONAL, INC.",pr,Carolina,US,CAROLINA,US130794380
6371-112,ROCHE PRODUCTS INC.,pr,San Juan,US,SAN JUAN,CHCHE111788344
12050-112,"AMO PUERTO RICO MANUFACTURING, INC.",pr,Añasco,US,AÑASCO,US221024240
15261-112,"INDUSTRIAS BANILEJAS, SAS",pr,Guaynabo,US,GUAYNABO,DO11568SDQ
465130-1512,"SUNRUN ULYSSES MANAGER 2021, LLC",pr,Humacao,US,HUMACAO,US262841711
556-1532,"PERSHING, LLC",pr,San Juan,US,SAN JUAN,US132614959
494475-1513,HEWLETT PACKARD ENTERPRISE HEMISFERICA B.V. LLC,pr,SAN JUAN,US,SAN JUAN,US473298624
309453-1532,"STAR MOROVIS, LLC",pr,Guaynabo,US,GUAYNABO,US369275978L
334326-112,STAR LAJAS MANAGER CORP.,pr,GUAYNABO,US,GUAYNABO,US369836102L
339835-1512,"TLA PR-2, LLC",pr,San Juan,US,SAN JUAN,US650723837
362238-112,ROGO HOUSING OF DELAWARE INC.,pr,SAN JUAN,US,SAN JUAN,US374870618L
473507-1512,"BEVERAGE PUERTO DEL REY, LLC",pr,HUMACAO,US,HUMACAO,US382730780
13678-112,BAXTER HEALTHCARE SA,pr,San Juan,US,SAN JUAN,US360781620
11544-112,COSTCO WHOLESALE CORPORATION,pr,SAN JUAN,US,SAN JUAN,US911223280
5011-112,THE SHERWIN-WILLIAMS COMPANY,pr,Humacao,US,HUMACAO,US340526850
191-412,NATIONWIDE LIFE INSURANCE COMPANY,pr,HUMACAO,US,HUMACAO,US314177100
366517-812,KPMG LLP,pr,GUAYNABO,US,GUAYNABO,US149092060L
11959-112,"SKECHERS U.S.A., INC.",pr,Canóvanas,US,CANÓVANAS,US954376145
413-1532,FORD MOTOR CREDIT COMPANY LLC,pr,San Juan,US,SAN JUAN,US380549190
14834-112,BELDEN INC.,pr,Humacao,US,HUMACAO,US363601505
491387-112,PALANTIR TECHNOLOGIES INC.,pr,SAN JUAN,US,SAN JUAN,US680551851
10544-112,"CHICO'S FAS, INC.",pr,San Juan,US,SAN JUAN,KY30346FH
527963-1512,"ASSUREDPARTNERS NL, LLC",pr,SAN JUAN,US,SAN JUAN,KY*4000000164759
491664-112,INSULET CORPORATION,pr,SAN JUAN,US,SAN JUAN,US043523891
356753-1512,GRANITE TELECOMMUNICATIONS L.L.C.,pr,MOCA,US,MOCA,US150240292L
501733-112,HAEMONETICS CORPORATION,pr,SAN JUAN,US,SAN JUAN,US042882273
488793-122,EMBECTA CORP.,pr,SAN JUAN,US,SAN JUAN,US871583942
396763-112,PACCAR FINANCIAL CORP.,pr,Humacao,US,HUMACAO,US910351110
7388-112,INTERGRAPH CORPORATION,pr,Humacao,US,HUMACAO,SE5561904771
144-122,THE CHURCH OF JESUS CHRIST OF LATTER-DAY SAINTS,pr,,US,,US131866329L
493891-112,MEDICAL ACTION INDUSTRIES INC.,pr,SAN JUAN,US,SAN JUAN,US541701843
491459-112,MAN ENERGY SOLUTIONS USA INC.,pr,SAN JUAN,US,SAN JUAN,DE7330003759
487800-112,STONEX FINANCIAL INC.,pr,GUAYNABO,US,GUAYNABO,US592921318
460201-112,LANCER CORPORATION,pr,SAN JUAN,US,SAN JUAN,JP4180001069484
9745-112,GLORY GLOBAL SOLUTIONS INC.,pr,San Juan,US,SAN JUAN,JP5140001058614
486373-1512,"BORREGO ENERGY, LLC",pr,BAYAMON,US,BAYAMON,TW35412204
12315-112,DOBLE ENGINEERING COMPANY,pr,HUMACAO,US,HUMACAO,US431554045
403381-112,VITAMIN WORLD USA CORPORATION,pr,SAN JUAN,US,SAN JUAN,KY41315WB
507987-112,"IRONPLANET, INC.",pr,HUMACAO,US,HUMACAO,CA32018NC
468667-1512,"MCUS, LLC",pr,CAROLINA,US,CAROLINA,US358206476L
308783-112,PARAGON ASSET RECOVERY SERVICES LLC,pr,SAN JUAN,US,SAN JUAN,US*110347671067
484515-112,TTEC SERVICES CORPORATION,pr,San Juan,US,SAN JUAN,US841291044
519988-1512,IMAGING BUSINESS MACHINES LIMITED LIABILITY COMPANY,pr,BOQUERON,US,BOQUERON,US327177428L
345931-112,"J. CHOO USA, INC.",pr,San Juan,US,SAN JUAN,VG40062ZG
504733-1512,KEYLOGIC SYSTEMS L.L.C.,pr,SAN JUAN,US,SAN JUAN,US149115868L
6767-112,"RENTOKIL OF PUERTO RICO, INC.",pr,Hato Rey,US,HATO REY,GB05393279
8373-112,INTERBORO SYSTEMS CORPORATION,pr,San Juan,US,SAN JUAN,US372081938L
405101-1512,"SERVICEMAC, LLC",pr,GUAYNABO,US,GUAYNABO,US261911571
498143-1512,FM:SYSTEMS GROUP LLC,pr,SAN JUAN,US,SAN JUAN,IE543654
435477-112,PREVOST CAR (US) INC.,pr,San Juan,US,SAN JUAN,SE5560125790
15002-112,"IPSEN BIOPHARMACEUTICALS, INC",pr,Guaynabo,US,GUAYNABO,FR419838529
477429-112,"ALK-ABELLO, INC.",pr,SAN JUAN,US,SAN JUAN,DK21855545
510195-1512,"SUNRUN JUNO OWNER 2023-B, LLC",pr,HUMACAO,US,HUMACAO,US262841711
459439-1512,"SUNRUN JUNO OWNER 2021, LLC",pr,Humacao,US,HUMACAO,US262841711
506924-112,E-BUILDER INC.,pr,HUMACAO,US,HUMACAO,US942802192
463915-1512,ISLAND PRODUCTIONS LLC,pr,SAN JUAN,US,SAN JUAN,US366757520L
411083-1512,SUNRUN SIRIUS MANAGER 2018 LLC,pr,HUMACAO,US,HUMACAO,US262841711
419214-1512,"SUNRUN CYGNUS MANAGER 2018, LLC",pr,HUMACAO,US,HUMACAO,US262841711
14776-112,FIS PAYMENTS LLC,pr,San Juan,US,SAN JUAN,US371490331
469128-1512,"SUNRUN DEMETER MANAGER 2021-2, LLC",pr,Humacao,US,HUMACAO,US262841711
471562-1512,"SUNRUN DEMETER PLEDGOR 2021-2, LLC",pr,Humacao,US,HUMACAO,US262841711
486935-1512,"SUNRUN TERRA PORTFOLIO 2022-B, LLC",pr,Humacao,US,HUMACAO,US262841711
486928-1512,"SUNRUN TERRA PORTFOLIO 2022-A, LLC",pr,Humacao,US,HUMACAO,US262841711
485-122,CNA CORPORATION,pr,San Juan,US,SAN JUAN,US132646102
409972-1512,"NATIONAL PARTNERS PFCO, LLC",pr,Humacao,US,HUMACAO,US133727655
1099-1532,"WALKER & DUNLOP, LLC",pr,Humacao,US,HUMACAO,US800629925
519028-122,FORMACIÓN DE IGLESIAS DE SANTIDAD INC.,pr,MANATI,US,MANATI,US400880495L
1361-1532,"ALVAREZ & MARSAL PUBLIC SECTOR SERVICES, LLC",pr,Humacao,US,HUMACAO,US383075672L
396001-112,"MITSUBISHI TANABE PHARMA AMERICA, INC.",pr,San Juan,US,SAN JUAN,US407907746L
435732-1512,"TEPDB OPCO, LLC",pr,SAN JUAN,US,SAN JUAN,US363562655L
484243-1512,"LIQUID WEB, LLC",pr,Humacao,US,HUMACAO,US365190434L
13478-112,"AMAZON PAYMENTS, INC.",pr,Humacao,US,HUMACAO,US365268422L
14085-112,"WILLIAMS-SONOMA STORES, INC.",pr,Humacao,US,HUMACAO,US942203880
14815-112,LIBERTY MUTUAL GROUP INC.,pr,Humacao,US,HUMACAO,US355125284L
493791-1512,ONE SALINAS INDUSTRIAL LLC,pr,SAN JUAN,US,SAN JUAN,US359126924L
496654-1512,"NCO GROUP INTERNATIONAL, LLC",pr,SAN JUAN,US,SAN JUAN,US132986051L
453-1532,"METROPOLITAN HOUSING FOR THE ELDERLY, LLC",pr,San Juan,US,SAN JUAN,US368159822L
814-1532,"WORLDPAC PUERTO RICO, LLC",pr,San Juan,US,SAN JUAN,US542049910
918-1532,"BP FAROS DEL OESTE SPV, LLC",pr,San Juan,US,SAN JUAN,US368715746L
378565-1512,PUERTO RICO CARIBE LESSEE LLC,pr,Humacao,US,HUMACAO,US362058176
372751-1512,"REZPIRA, LLC",pr,MANATI,US,MANATI,US318412547L
471587-1512,CONCEPTS MEDIA GROUP LLC,pr,SAN JUAN,US,SAN JUAN,US318925298L
477184-1512,"CHESAPEAKE WASTE SOLUTIONS, LLC",pr,GUAYNABO,US,GUAYNABO,US294715208L
460599-1512,"SUNNOVA TEP V-B, LLC",pr,Humacao,US,HUMACAO,US205654756
484830-1512,"HIGH PERFORMANCE AUTOMATION & CONTROLS, LLC",pr,SAN JUAN,US,SAN JUAN,US400603991L
513592-1512,TEAMMB GETAWAYS LLC,pr,GUAYNABO,US,GUAYNABO,US401900381L
11105-112,CLOROX COMMERCIAL COMPANY,pr,HATO REY,US,HATO REY,US310595760
510475-112,"DR. REDDY'S LABORATORIES, INC.",pr,SAN JUAN,US,SAN JUAN,IN30131FI
12015-112,RAYTHEON SERVICES COMPANY PUERTO RICO,pr,San Juan,US,SAN JUAN,US060570975
340030-112,"ENVOLVE TOTAL VISION, INC.",pr,San Juan,US,SAN JUAN,US421406317
8894-112,WESCO ANIXTER PUERTO RICO INC.,pr,Humacao,US,HUMACAO,US251723342
478911-1512,"STADIUM TECHNOLOGY GROUP, LLC",pr,San Juan,US,SAN JUAN,GBIM004685V
493881-112,"OWENS & MINOR DISTRIBUTION, INC.",pr,SAN JUAN,US,SAN JUAN,US541701843
11042-112,"AGILENT TECHNOLOGIES INTER-AMERICAS, INC",pr,SAN JUAN,US,SAN JUAN,US770518772
94-1532,ETHICON LLC,pr,Caguas,US,CAGUAS,US221024240
6985-112,"HYATT HOTELS OF PUERTO RICO, INC.",pr,Humacao,US,HUMACAO,US201480589
469692-1512,"SUNRUN CALYPSO MANAGER 2021, LLC",pr,Humacao,US,HUMACAO,US262841711
496218-1512,"SUNRUN POSEIDON PORTFOLIO 2022-B, LLC",pr,HUMACAO,US,HUMACAO,US262841711
473-122,MISION EVANGELIO MUNDIAL INC.,pr,Florida,US,FLORIDA,US363291467L
333261-1512,"ARC DBGESRG001, LLC",pr,SAN JUAN,US,SAN JUAN,US369664601L
501555-122,"VOA LAJAS AH GP, INC.",pr,SAN JUAN,US,SAN JUAN,US376807526L
518781-1512,SWANCHYBOY STUDIOS LLC,pr,ARECIBO,US,ARECIBO,US378147752L
507390-1512,"SUNRUN ULYSSES MANAGER 2023, LLC",pr,HUMACAO,US,HUMACAO,US262841711
372371-112,"BOFA SECURITIES, INC.",pr,San Juan,US,SAN JUAN,US560906609
509471-1512,"POPULAR EQUIPMENT FINANCE, LLC",pr,SAN JUAN,US,SAN JUAN,US660667416
518441-1512,"DIEMAND ENTERPRISES, LLC",pr,SAN JUAN,US,SAN JUAN,US380333015L
455890-112,AMERICAN EXPRESS COMPANY,pr,SAN JUAN,US,SAN JUAN,US134922250
2503-112,"MARS, INCORPORATED",pr,San Juan,US,SAN JUAN,US132070844L
9936-112,MANPOWERGROUP INC.,pr,Old San Juan,US,OLD SAN JUAN,US391672779
472750-612,FIRST-CITIZENS BANK & TRUST COMPANY,pr,SAN JUAN,US,SAN JUAN,US561528994
454483-112,TEXAS INSTRUMENTS INCORPORATED,pr,SAN JUAN,US,SAN JUAN,US750289970
14496-112,EATON CORPORATION,pr,Canóvanas,US,CANÓVANAS,IE512978
14766-112,ALLY FINANCIAL INC,pr,SAN JUAN,US,SAN JUAN,US380572512
468777-312,"FIFTH THIRD BANK, NATIONAL ASSOCIATION",pr,Humacao,US,HUMACAO,US310854434
525953-112,HARMAN INTERNATIONAL INDUSTRIES INCORPORATED,pr,BAYAMON,US,BAYAMON,KR1301110006246
402838-112,"TAPESTRY, INC.",pr,SAN JUAN,US,SAN JUAN,US522242751
495-412,CMFG LIFE INSURANCE COMPANY,pr,GUAYNABO,US,GUAYNABO,US390230590
3360-112,"H & R BLOCK, INC.",pr,San Juan,US,SAN JUAN,US440607856
393951-1512,"COINSTAR ASSET HOLDINGS, LLC",pr,BAYAMON,US,BAYAMON,US132282716L
13197-1512,"COINSTAR, LLC",pr,Bayamon,US,BAYAMON,US132282716L
10982-112,STERIS CORPORATION,pr,San Juan,US,SAN JUAN,IE595593
489503-812,"FORVIS MAZARS, LLP",pr,SAN JUAN,US,SAN JUAN,US149162285L
413117-112,"FITBIT, LLC",pr,HUMACAO,US,HUMACAO,US611767919
151-412,STEWART TITLE GUARANTY COMPANY,pr,,US,,US741677330
486374-1512,"48FORTY SOLUTIONS, LLC",pr,San Juan,US,SAN JUAN,US371302241L
436350-112,"STONE & WEBSTER, L.L.C.",pr,San Juan,US,SAN JUAN,US135416910
435467-1512,"EMPOWER RETIREMENT, LLC",pr,San Juan,US,SAN JUAN,CA274347995L
13990-112,HIS COMPANY INC.,pr,Carolina,US,CAROLINA,US266691554L
435583-112,SUN COAST RESOURCES INC.,pr,SAN JUAN,US,SAN JUAN,US124033392L
443343-112,"SUN COUNTRY, INC.",pr,BAYAMON,US,BAYAMON,US314879018L
441892-1512,"PRODUCTION RESOURCE GROUP, L.L.C.",pr,GUAYNABO,US,GUAYNABO,US127888573L
12718-112,GUIDEHOUSE INC.,pr,SAN JUAN,US,SAN JUAN,US302046311L
400743-112,"VOLKERT, INC.",pr,SAN JUAN,US,SAN JUAN,US246015302L
650-1532,VERTEX AEROSPACE LLC,pr,San Juan,US,SAN JUAN,US348959429L
478039-112,"PAR PHARMACEUTICAL, INC.",pr,San Juan,US,SAN JUAN,IE534814
336426-1512,"MOHAWK LABOR SERVICES, LLC",pr,Humacao,US,HUMACAO,JP8010401050387
504212-112,"GEOCOMP, INC.",pr,SAN JUAN,US,SAN JUAN,FR969202241
403991-1512,SPECIALIZED LOAN SERVICING LLC,pr,GUAYNABO,US,GUAYNABO,AU005485825
15644-112,WILLIAM A. GRAHAM COMPANY,pr,SAN JUAN,US,SAN JUAN,US362668272
5590-112,"INSIGHT OPTICAL MANUFACTURING COMPANY OF FLORIDA, INC.",pr,SAN JUAN,US,SAN JUAN,NL50338269
435194-112,"MCNEIL & COMPANY, INC.",pr,San Juan,US,SAN JUAN,BM29407R
447074-112,"ALERA GROUP, INC.",pr,Humacao,US,HUMACAO,US*4000000225888
428073-112,AJINOMOTO CAMBROOKE INC.,pr,Humacao,US,HUMACAO,JP8010001034740
448361-112,BELL TEXTRON INC.,pr,San Juan,US,SAN JUAN,US050315468
418679-112,"HAYS COMPANIES, INC.",pr,HUMACAO,US,HUMACAO,US590864469
431394-1512,"BALDWIN KRYSTYN SHERMAN PARTNERS, LLC",pr,San Juan,US,SAN JUAN,US611937225
412540-112,"TRINET HR XI, INC.",pr,Humacao,US,HUMACAO,US953359658
461257-1512,"SUNRUN PEGASUS OWNER 2021, LLC",pr,Humacao,US,HUMACAO,US262841711
315885-1532,"EXPRESS FASHION OPERATIONS, LLC",pr,San Juan,US,SAN JUAN,US262828128
494813-1512,"TERRAFORM LUMINACE US OPERATIONS SERVICES, LLC",pr,HUMACAO,US,HUMACAO,US379908500L
502596-112,"MASERGY CLOUD COMMUNICATIONS, INC.",pr,SAN JUAN,US,SAN JUAN,US270000798
465978-1512,"STROZ FRIEDBERG, LLC",pr,Humacao,US,HUMACAO,IE604607
460-1532,"NEW HOLLAND CREDIT COMPANY, LLC",pr,San Juan,US,SAN JUAN,NL56532474
14821-112,KORBER PHARMA SOFTWARE INC.,pr,San Juan,US,SAN JUAN,DE2150637488
632-1532,ALLY US LLC,pr,,US,,US380572512
490481-1512,HOLOGIC SALES AND SERVICE LLC,pr,San Juan,US,SAN JUAN,US042902449
486922-1512,"SUNRUN TERRA OWNER 2022, LLC",pr,Humacao,US,HUMACAO,US262841711
12893-112,"TMS RE, INC.",pr,Humacao,US,HUMACAO,CHCHE191546434
412538-112,"TRINET HR I, INC.",pr,Humacao,US,HUMACAO,US953359658
4752-112,"ALLERGAN SALES PUERTO RICO, INC.",pr,San Juan,US,SAN JUAN,US352038545L
528786-112,"ADIDAS AMERICA, INC.",pr,SAN JUAN,US,SAN JUAN,DE8190216927
386716-1512,SPECIALTY PROGRAM GROUP LLC,pr,Humacao,US,HUMACAO,US302073839L
451822-1512,PHOENIX UNIVERSAL CAPITAL I LLC,pr,GUAYNABO,US,GUAYNABO,US366215573L
436-1532,"WYNDHAM VACATION RESORTS PUERTO RICO, LLC",pr,Humacao,US,HUMACAO,US368212646L
362241-1512,VERTEX PHARMACEUTICALS (PUERTO RICO) LLC,pr,San Juan,US,SAN JUAN,US043039129
333042-112,"MOTT MACDONALD, INC.",pr,Humacao,US,HUMACAO,US365475542L
384085-112,LUXOTTICA OF AMERICA INC.,pr,San Juan,US,SAN JUAN,US365542964L
385830-1512,"HOLMES, MURPHY AND ASSOCIATES, LLC",pr,Humacao,US,HUMACAO,US365617232L
3068-112,"FLAGG BROS. OF PUERTO RICO, INC.",pr,Humacao,US,HUMACAO,US620211340
442789-112,DEALER INSPIRE INC.,pr,SAN JUAN,US,SAN JUAN,US396798938L
14694-112,"MITSUBISHI FUSO TRUCK OF AMERICA, INC.",pr,San Juan,US,SAN JUAN,US324279971L
467-1532,"JORICO PROPERTIES, LLC",pr,Guaynabo,US,GUAYNABO,US313273583L
460723-1512,"ENEL X ARECIBO, LLC",pr,BAYAMON,US,BAYAMON,IT00811720580
468617-1512,SARGUS LLC,pr,DORADO,US,DORADO,US350822201L
496885-1512,"SOLARWINDS WORLDWIDE, LLC",pr,SAN JUAN,US,SAN JUAN,US355916717L
495856-1512,GOMOAD LLC,pr,SAN JUAN,US,SAN JUAN,US359288591L
353209-1512,270 PR UNIT 4 LLC,pr,SAN JUAN,US,SAN JUAN,US370411211L
408816-1512,PORTAL DE SABRINA LLC,pr,TRUJILLO ALTO,US,TRUJILLO ALTO,US371580572L
408628-1512,VIDA HERMOSA LLC,pr,SAN JUAN,US,SAN JUAN,US371586557L
436120-1512,HCI IVD HOLDINGS MEMBER LLC,pr,BAYAMON,US,BAYAMON,US372497639L
499057-112,GOLDI SOLAR INC.,pr,SAN JUAN,US,SAN JUAN,US392754701L
453-122,"ASOCIACION DE CAPELLANES AHIEZER, INC.",pr,Guaynabo,US,GUAYNABO,US317843624L
512937-1512,WAR HAMMER MANAGEMENT LLC,pr,HATILLO,US,HATILLO,US325501067L
332354-1512,"ARC WGLPSPR001, LLC",pr,Humacao,US,HUMACAO,US330580106
353609-112,"MOLINA HEALTHCARE, INC.",pr,Humacao,US,HUMACAO,US134204626
4091-112,"VEOLIA WTS INTERNATIONAL USA, INC.",pr,San Juan,US,SAN JUAN,FR403210032
450965-1512,"NUTRITION & BIOSCIENCES USA 2, LLC",pr,SAN JUAN,US,SAN JUAN,US131432060
14955-112,SCOTTS PROFESSIONAL PRODUCTS CO.,pr,Old San Juan,US,OLD SAN JUAN,US311414921
464-1532,"BROWN-FORMAN-WORLDWIDE, L.L.C.",pr,San Juan,US,SAN JUAN,US371054834L
7-1532,PEÑUELAS TECHNOLOGY PARK LLC,pr,San Juan,US,SAN JUAN,US301128146
401014-1512,"PCC SUB-CDE III, LLC",pr,SAN JUAN,US,SAN JUAN,US660667416
15321-112,VITAMIN SHOPPE INDUSTRIES LLC,pr,SAN JUAN,US,SAN JUAN,US270223495
1330-1512,LPL FINANCIAL LLC,pr,San Juan,US,SAN JUAN,US203717839
440709-1512,JACE MEDICAL LLC,pr,GUAYNABO,US,GUAYNABO,US134151777
465123-1512,"SUNRUN ULYSSES OWNER 2021, LLC",pr,Humacao,US,HUMACAO,US262841711
6423-112,UBS FINANCIAL SERVICES INC.,pr,Humacao,US,HUMACAO,CHCHE395345924
1106-112,"MERRILL LYNCH, PIERCE, FENNER & SMITH INCORPORATED",pr,San Juan,US,SAN JUAN,US560906609
7634-112,"BANCTEC (PUERTO RICO), INC.",pr,Boquerón,US,BOQUERÓN,US471347291
493903-1512,"SUNRUN RAGNAR OWNER 2023, LLC",pr,HUMACAO,US,HUMACAO,US262841711
1298-1532,"LANDFILL GAS TECHNOLOGIES OF FAJARDO, LLC",pr,Gurabo,US,GURABO,US369247775L
404626-1512,IWG-TLA ENCANTO 1 LLC,pr,SAN JUAN,US,SAN JUAN,US650723837
362001-1512,"SUNNOVA MANAGEMENT, LLC",pr,Humacao,US,HUMACAO,US359094164L
468209-1512,"767 LENDER, LLC",pr,CAROLINA,US,CAROLINA,US374349989L
476434-1512,"SHM PUERTO DEL REY TRS, LLC",pr,FAJARDO,US,FAJARDO,US382730780
513607-1512,CADENCE AM SERVICES LLC,pr,SAN JUAN,US,SAN JUAN,US380859221L
3578-112,"AMERICAN AIRLINES, INC.",pr,CAROLINA,US,CAROLINA,US751825172
6033-112,FEDERAL EXPRESS CORPORATION,pr,San Juan,US,SAN JUAN,US621721435
10386-112,STRYKER CORPORATION,pr,,US,,US381239739
10619-112,"STANLEY BLACK & DECKER, INC.",pr,Humacao,US,HUMACAO,US060548860
12089-112,JETBLUE AIRWAYS CORPORATION,pr,Carolina,US,CAROLINA,US870617894
352748-112,"WORKDAY, INC.",pr,San Juan,US,SAN JUAN,US202480422
301-122,AARP,pr,San Juan,US,SAN JUAN,US131197635L
2430-112,DIEBOLD NIXDORF INCORPORATED,pr,Humacao,US,HUMACAO,US340183970
12621-112,"CITRIX SYSTEMS, INC.",pr,San Juan,US,SAN JUAN,US*905313800
14580-112,"CARDTRONICS USA, INC.",pr,SAN JUAN,US,SAN JUAN,US310387920
12683-112,SOUTHWIRE COMPANY,pr,Carolina,US,CAROLINA,US129820716L
317-122,"AMERICAN HEART ASSOCIATION, INC.",pr,Hato Rey,US,HATO REY,US129577761L
9946-112,"W.L. GORE & ASSOCIATES, INC.",pr,Old San Juan,US,OLD SAN JUAN,US149091618L
14698-112,"CENGAGE LEARNING, INC.",pr,Humacao,US,HUMACAO,US150237682L
347728-1512,CONTECH ENGINEERED SOLUTIONS LLC,pr,GUAYNABO,US,GUAYNABO,US128138933L
341550-112,AMWINS GROUP BENEFITS LLC,pr,San Juan,US,SAN JUAN,US149209877L
333990-122,RELIGIOUS ORDER OF JEHOVAH'S WITNESSES CORPORATION,pr,Caguas,US,CAGUAS,US126712308L
338434-112,"COINBASE, INC.",pr,HUMACAO,US,HUMACAO,US464707224
493-412,"CUMIS INSURANCE SOCIETY, INC",pr,Guaynabo,US,GUAYNABO,US390230590
1-412,"CUMIS INSURANCE SOCIETY, INC",pr,Guaynabo,US,GUAYNABO,US390230590
356445-1512,"TORY BURCH, LLC",pr,SAN JUAN,US,SAN JUAN,US127627837L
407-122,"NOVA SOUTHEASTERN UNIVERSITY, INC.",pr,San Juan,US,SAN JUAN,US130941100L
515601-112,THE REYNOLDS AND REYNOLDS COMPANY CORPORATION,pr,SAN JUAN,US,SAN JUAN,US136001113L
14542-112,AMERISURE MUTUAL INSURANCE COMPANY,pr,BAYAMON,US,BAYAMON,US380829210
420369-112,BEACON SALES ACQUISITION INC.,pr,HUMACAO,US,HUMACAO,US258018722L
454844-112,"BETTER HOLDCO, INC.",pr,San Juan,US,SAN JUAN,GB*Z00609819
384192-1512,"KELLERMEYER BERGENSONS SERVICES, LLC",pr,Humacao,US,HUMACAO,US258088739L
485853-1512,"VEYER, LLC",pr,San Juan,US,SAN JUAN,US592663954
313484-112,"GENOMIC HEALTH, INC.",pr,Humacao,US,HUMACAO,US020478229
901-1532,NATIONSTAR MORTGAGE LLC,pr,Humacao,US,HUMACAO,US911653725
421341-112,"DELTEK, INC.",pr,Humacao,US,HUMACAO,US510263969
14884-112,SPECTRANETICS LLC,pr,Humacao,US,HUMACAO,NL17001910
1321-1532,"ASHFIELD HEALTHCARE, LLC",pr,BAYAMON,US,BAYAMON,KY*110321173408
13701-112,"TFORCE FREIGHT, INC.",pr,SAN JUAN,US,SAN JUAN,CA31283NC
345407-112,VF OUTDOOR LLC,pr,Humacao,US,HUMACAO,US231180120
15326-112,C&W FACILITY SERVICES INC.,pr,SAN JUAN,US,SAN JUAN,GB11414195
341762-1512,"HU-FRIEDY MFG. CO., LLC",pr,San Juan,US,SAN JUAN,IE595593
335817-112,"ALTUS RECEIVABLES MANAGEMENT, INC.",pr,Humacao,US,HUMACAO,US*110347671067
441385-112,PROSEGUR TECHNOLOGY INTERNATIONAL INC.,pr,Humacao,US,HUMACAO,ESB78510492
714-1532,"GTP TOWERS I, LLC",pr,SAN JUAN,US,SAN JUAN,US650723837
495487-112,JDR CABLE SYSTEMS INC.,pr,SAN JUAN,US,SAN JUAN,PL270543582
348907-112,"LNW GAMING, INC.",pr,Humacao,US,HUMACAO,US810422894
1520-1532,NOVOMATIC AMERICAS SALES LLC,pr,,US,,AT9111373766
479798-112,NTT CLOUD COMMUNICATIONS U.S. INC.,pr,SAN JUAN,US,SAN JUAN,JP7010001065142
396844-112,HISUN PHARMACEUTICALS USA INC.,pr,SAN LORENZO,US,SAN LORENZO,CN30755PC
443581-1512,SMA SOLAR TECHNOLOGY AMERICA LLC,pr,SAN JUAN,US,SAN JUAN,DE6150026135
445290-112,"CSG FORTE PAYMENTS, INC.",pr,San Juan,US,SAN JUAN,US470783182
452062-1512,JDL-GP LLC,pr,SAN JUAN,US,SAN JUAN,US266681324L
500092-112,ATTACHMATE CORPORATION,pr,HUMACAO,US,HUMACAO,CA31358NC
383339-1512,"PLANCONNECT, LLC",pr,Humacao,US,HUMACAO,US900226248
11664-112,"SERVICE SAVER, INCORPORATED",pr,Humacao,US,HUMACAO,US391126612
342433-112,"COLUMN FINANCIAL, INC.",pr,Humacao,US,HUMACAO,CHCHE395345924
456174-1512,"SUNRUN KRONOS MANAGER 2020, LLC",pr,Humacao,US,HUMACAO,US262841711
375028-112,CAPGEMINI AMERICA INC.,pr,Humacao,US,HUMACAO,FR330703844
1151-1532,RE DEVELOPMENT MANAGEMENT LLC,pr,San Juan,US,SAN JUAN,US*110158266456
13903-112,SHELL TRADING (US) COMPANY,pr,San Juan,US,SAN JUAN,GB04366849
364113-112,HARLEY-DAVIDSON CREDIT CORP.,pr,San Juan,US,SAN JUAN,US391382325
15617-112,"VESTAS-AMERICAN WIND TECHNOLOGY, INC.",pr,San Juan,US,SAN JUAN,DK10403782
11196-112,"TRANSCORE ATLANTIC, LLC",pr,Humacao,US,HUMACAO,US510263969
523273-112,AON FAC INC.,pr,SAN JUAN,US,SAN JUAN,IE604607
346052-112,MACQUARIE CAPTIAL (USA) INC.,pr,Humacao,US,HUMACAO,AU122169279
148-1532,MOLSON COORS PUERTO RICO LLC,pr,Guaynabo,US,GUAYNABO,US327191015L
453659-122,UNITED CLERGY TASK FORCE INC.,pr,SAN JUAN,US,SAN JUAN,US342991046L
407880-1512,"VERTICAL BRIDGE S3 ASSETS, LLC",pr,BAYAMON,US,BAYAMON,US365175425L
391218-1512,"GEMINI TRUST COMPANY, LLC",pr,San Juan,US,SAN JUAN,US365189729L
521240-122,MOVIMIENTO INTERNACIONAL LUGAR DE PROPOSITOS INC.,pr,CANOVANAS,US,CANOVANAS,US395644016L
345456-1512,DOVEWING LLC,pr,San Juan,US,SAN JUAN,US264210872L
442314-1512,TECHSTARS CENTRAL LLC,pr,SAN JUAN,US,SAN JUAN,US310669331L
460714-1512,"ENEL X LAS PIEDRAS, LLC",pr,BAYAMON,US,BAYAMON,IT00811720580
459932-1512,NYDIG CUSTODY LLC,pr,SAN JUAN,US,SAN JUAN,US349317776L
10067-112,"NTT DATA EAS, INC.",pr,San Juan,US,SAN JUAN,US364836272L
420047-112,"ÖSSUR AMERICAS, INC.",pr,LAS PIEDRAS,US,LAS PIEDRAS,US364910063L
468196-112,LOCSAUN AMERICA INC.,pr,Humacao,US,HUMACAO,US365294816L
1543-1512,"ABLE SALES SOLAR 1, LLC",pr,,US,,US370003013L
353089-1512,270 PR UNIT 6-11 LLC,pr,SAN JUAN,US,SAN JUAN,US370413140L
520037-112,"UNICITY USA, INC.",pr,GUAYNABO,US,GUAYNABO,US372402326L
14680-112,"ASURION TECHNOLOGY SERVICES OF PUERTO RICO, INC.",pr,San Juan,US,SAN JUAN,US389652779L
14636-112,"FREIGHTWATCH INTERNATIONAL (USA), INC.",pr,San Juan,US,SAN JUAN,US128869937L
12288-112,"IVAX LABORATORIES PUERTO RICO, INC.",pr,Carolina,US,CAROLINA,US318611492L
363136-112,TOTE SHIPHOLDINGS LLC,pr,SAN JUAN,US,SAN JUAN,US352132343L
487928-1512,"SUNNOVA HELIOS X ISSUER, LLC",pr,Humacao,US,HUMACAO,US358176137L
336374-1512,WARRINGTON ADVISORS LLC,pr,San Juan,US,SAN JUAN,US385761722L
532374-1512,AR3S LLC,pr,GUAYNABO,US,GUAYNABO,US393319283L
502430-1512,BLUE HERON-NA LLC,pr,TOA BAJA,US,TOA BAJA,US402767108L
522959-1512,MASTERS RESOURCE LLC,pr,SAN JUAN,US,SAN JUAN,US383420645L
261-1532,"MONSANTO CARIBE, LLC",pr,Humacao,US,HUMACAO,US431878297
417008-1512,"ASD SPECIALTY HEALTHCARE, LLC",pr,San Juan,US,SAN JUAN,US233079390
14627-112,GOODYEAR INTERNATIONAL CORPORATION,pr,Humacao,US,HUMACAO,US340253240
15722-112,"ABBOTT RAPID DX NORTH AMERICA, L.L.C.",pr,CAMUY,US,CAMUY,US360698440
4032-112,"SAFETY-KLEEN ENVIROSYSTEMS COMPANY OF PUERTO RICO, INC.",pr,Manati,US,MANATI,US042997780
13661-112,"GUCCI AMERICA, INC.",pr,SAN JUAN,US,SAN JUAN,FR342731973
362322-1512,"RYDER RISK SOLUTIONS, LLC",pr,GUAYNABO,US,GUAYNABO,US590739250
354862-112,KERRY BIOFUNCTIONAL INGREDIENTS INC.,pr,San Juan,US,SAN JUAN,IE111471
341321-1512,"CARS.COM, LLC",pr,SAN JUAN,US,SAN JUAN,US383910250
467446-812,STANTEC CONSULTING PUERTO RICO LLP,pr,GUAYNABO,US,GUAYNABO,CA30358NC
15586-112,ILLUMIFIN CORPORATION,pr,HUMACAO,US,HUMACAO,US271605762
504442-112,"BROWN & BROWN INSURANCE OF NEVADA, INC.",pr,HUMACAO,US,HUMACAO,US590864469
10139-112,"MITSUBISCHI ELECTRIC POWER PRODUCTS, INC.",pr,SAN JUAN,US,SAN JUAN,JP4010001008772
2872-112,"CARIBBEAN REFRESCOS, INC.",pr,San Juan,US,SAN JUAN,US580628465
338365-112,SYNTEGON TECHNOLOGY SERVICES LLC,pr,BAYAMON,US,BAYAMON,DE7330170297
10531-112,CISCO SYSTEMS (PUERTO RICO) CORP.,pr,San Juan,US,SAN JUAN,US770059951
334641-1512,"PUNTA LIMA, LLC",pr,Humacao,US,HUMACAO,ESA39000013
463516-1512,"SUNRUN RAGNAR OWNER 2021, LLC",pr,Humacao,US,HUMACAO,US262841711
58-1532,ARECIBO SENIOR HOUSING INVESTORS G.P. LLC,pr,Humacao,US,HUMACAO,US138804114L
486482-1512,"SUNRUN PEGASUS MANAGER 2022, LLC",pr,Humacao,US,HUMACAO,US262841711
349566-112,OPPENHEIMER & CO. INC.,pr,Humacao,US,HUMACAO,CAFEB33410
13776-112,"WIMBERLY ALLISON TONG & GOO NA, INC.",pr,San Juan,US,SAN JUAN,US362059034L
1267-1532,"LAJAS SOLAR PROJECT, LLC",pr,SAN Juan,US,SAN JUAN,US374387576L
305466-112,"VEGA BAJA APARTMENTS MANAGER, CORP.",pr,VEGA BAJA,US,VEGA BAJA,US374777408L
498398-1512,HELIOS GENESIS GP LLC,pr,SAN JUAN,US,SAN JUAN,US375449156L
504602-1512,"SUNRUN JUNO MANAGER 2023, LLC",pr,HUMACAO,US,HUMACAO,US262841711
14303-112,"BATESVILLE CASKET COMPANY, INC",pr,San Juan,US,SAN JUAN,US261342272
515645-1512,"SUNRUN RAGNAR OWNER 2023-C, LLC",pr,HUMACAO,US,HUMACAO,US262841711
7787-112,LYONDELL CHEMICAL COMPANY,pr,San Juan,US,SAN JUAN,NL24473890
15624-112,"MOTOROLA SOLUTIONS, INC.",pr,San Juan,US,SAN JUAN,US361115800
15493-112,"SPECTRUM BRANDS, INC.",pr,CATANO,US,CATANO,US741339132
393951-1512,"COINSTAR ASSET HOLDINGS, LLC",pr,BAYAMON,US,BAYAMON,US132282716L
13197-1512,"COINSTAR, LLC",pr,Bayamon,US,BAYAMON,US132282716L
10069-112,"AVERITT EXPRESS, INC.",pr,BAYAMON,US,BAYAMON,US128990888L
462592-812,NIXON PEABODY LLP,pr,BAYAMON,US,BAYAMON,US126110837L
15038-112,"LAWSON PRODUCTS,INC.",pr,San Juan,US,SAN JUAN,US266691554L
416204-112,AXON ENTERPRISE INC.,pr,Humacao,US,HUMACAO,US860741227
517997-312,"FLAGSTAR BANK, N.A.",pr,HUMACAO,US,HUMACAO,US061377322
367329-122,SOUTHWEST RESEARCH INSTITUTE INC.,pr,San Juan,US,SAN JUAN,US149151582L
488801-112,"EUROSTAR, INC.",pr,Bayamon,US,BAYAMON,US133513936
442785-112,PLUG POWER INC.,pr,SAN JUAN,US,SAN JUAN,US223672377
14540-112,AMERISURE INSURANCE COMPANY,pr,BAYAMON,US,BAYAMON,US380829210
532449-112,"COLLIERS ENGINEERING & DESIGN, INC.",pr,HUMACAO,US,HUMACAO,CA40844NC
356188-112,"RENTOKIL NORTH AMERICA, INC.",pr,San Juan,US,SAN JUAN,GB05393279
8469-112,"NOVUS INTERNATIONAL, INC.",pr,San Juan,US,SAN JUAN,JP1010001008767
10553-112,IGT,pr,San Juan,US,SAN JUAN,IT02324900030
13716-112,VIRTUAL RADIOLOGIC CORPORATION,pr,Humacao,US,HUMACAO,US650271219
436736-112,KRAUSS-MAFFEI CORPORATION,pr,GUAYNABO,US,GUAYNABO,CN9502455515
418404-1512,SYNAPSE SERVICES LLC,pr,SAN JUAN,US,SAN JUAN,US843727412
501553-1512,DGG RE INVESTMENTS LLC,pr,HUMACAO,US,HUMACAO,US453449660
504697-112,"PIERCE MANUFACTURING, INC.",pr,HUMACAO,US,HUMACAO,US390520270
509-122,ONESIGHT,pr,San Juan,US,SAN JUAN,IT00891030272
496915-1512,"PORTIER, LLC",pr,SAN JUAN,US,SAN JUAN,US452647441
10774-112,HV GLOBAL MANAGEMENT CORPORATION,pr,Humacao,US,HUMACAO,US452598330
491920-112,"AMERICAN WAGERING, INC.",pr,HUMACAO,US,HUMACAO,GI90099
414754-1512,"PSS PATIENT SOLUTION SERVICES, LLC",pr,San Juan,US,SAN JUAN,US952557091
504699-1512,"LIKEWIZE US, LLC",pr,SAN JUAN,US,SAN JUAN,US350964965L
624-1532,"SBA 2012 TC ASSETS PR, LLC",pr,San Juan,US,SAN JUAN,US349866461L
409870-1512,IBT LLC,pr,San Juan,US,SAN JUAN,US302690834L
461258-1512,"SUNRUN PEGASUS MANAGER 2021, LLC",pr,Humacao,US,HUMACAO,US262841711
482554-1512,"FIRSTSOURCE HEALTH PLANS AND HEALTHCARE SERVICES, LLC",pr,Humacao,US,HUMACAO,IN001570615IND
439773-1512,"CH2M FACILITY SUPPORT SERVICES, LLC",pr,San Juan,US,SAN JUAN,US881121891
469074-1512,"SUNRUN DEMETER ISSUER 2021-2, LLC",pr,Humacao,US,HUMACAO,US262841711
5539-112,"AVON-LOMALINDA, INC.",pr,San Juan,US,SAN JUAN,KR1101110003543
255-1532,"FIRSTSOURCE ADVANTAGE, LLC",pr,San Juan,US,SAN JUAN,US365650139L
378385-112,ALEX SPEEDY SERVICES CORPORATION,pr,RIO GRANDE,US,RIO GRANDE,US303708722L
349282-1512,SAL DEL MAR L.L.C.,pr,Vieques,US,VIEQUES,US302720669L
497708-111,EIGHTEEN HUNDRED INC.,pr,SAN JUAN,US,SAN JUAN,US353227997L
502014-1512,ISLA NENA LLC,pr,SAN JUAN,US,SAN JUAN,US276850082L
439873-1512,FERME ATABEIRA L.L.C.,pr,CANOVANAS,US,CANOVANAS,US313004087L
480054-1512,PPR MANATI LLC,pr,GUAYNABO,US,GUAYNABO,US354631700L
528890-1512,SLAUSON STREET VENTURES LLC,pr,SAN JUAN,US,SAN JUAN,US359454722L
446185-1512,"COMINO FILM TRANSPORTATION, LLC",pr,SAN JUAN,US,SAN JUAN,US366303425L
15409-112,"PB ELDERLY, CORP.",pr,HORMIGUEROS,US,HORMIGUEROS,US369106265L
621-1532,"NEUTRAL TANDEM-PUERTO RICO, LLC",pr,BAYAMON,US,BAYAMON,SE5568828908
420370-112,AGORDIA INC.,pr,GUAYNABO,US,GUAYNABO,US371957204L
14774-112,"SIRIUS XM RADIO, INC.",pr,San Juan,US,SAN JUAN,US389616332L
498035-1512,CIRO THREE SALINAS BESS LLC,pr,SAN JUAN,US,SAN JUAN,US392513963L
502312-1512,PONCE DE LEON DEVELOPER LLC,pr,SAN JUAN,US,SAN JUAN,US401400944L
495783-1512,ROD-HI ENTERPRISES LLC,pr,CIDRA,US,CIDRA,US346179176L
439981-1512,SECURITY & TECHNOLOGY DISTRIBUTORS LLC,pr,TOA ALTA,US,TOA ALTA,US312254564L
460599-1512,"SUNNOVA TEP V-B, LLC",pr,Humacao,US,HUMACAO,US205654756
1556-1512,"ADP, INC.",pr,San Juan,US,SAN JUAN,US333164960L
328320-112,"LENDERLIVE NETWORK, LLC",pr,GUAYNABO,US,GUAYNABO,AU005485825
13586-1512,MITSUBISHI POWER AERO LLC,pr,HUMACAO,US,HUMACAO,JP8010401050387
6995-112,UNITED PARCEL SERVICE CO.,pr,HUMACAO,US,HUMACAO,US582480149
2721-112,ECOLAB MANUFACTURING INC.,pr,SAN JUAN,US,SAN JUAN,US410231510
7395-112,"GENENTECH P.R. , INC.",pr,San Juan,US,SAN JUAN,CHCHE111788344
125-1532,"VEOLIA ES TECHNICAL SOLUTIONS, L.L.C.",pr,San Juan,US,SAN JUAN,FR403210032
412514-112,"TRINET HR III-B, INC.",pr,Humacao,US,HUMACAO,US953359658
352132-112,"BARR LABORATORIES, INC.",pr,Guaynabo,US,GUAYNABO,IL90005GE
6336-112,JOHNSON & JOHNSON INTERNATIONAL,pr,GUAYNABO,US,GUAYNABO,US221024240
532913-112,EATON VANCE MANAGEMENT INC.,pr,SAN JUAN,US,SAN JUAN,US363145972
6786-112,"COLGATE PALMOLIVE DE PUERTO RICO, INC.",pr,GUAYNABO,US,GUAYNABO,US131815595
668-1532,"WIELAND METAL SERVICES CARIBE, LLC",pr,Humacao,US,HUMACAO,DE8270229075
476811-1512,"SUNRUN JUNO MANAGER 2022, LLC",pr,Humacao,US,HUMACAO,US262841711
9176-112,"LINCOLN FINANCIAL DISTRIBUTORS, INC.",pr,Humacao,US,HUMACAO,US351140070
495008-1512,"SUNRUN RAGNAR MANAGER 2023, LLC",pr,HUMACAO,US,HUMACAO,US262841711
811-1532,"CHANGE HEALTHCARE PUERTO RICO, LLC",pr,San Juan,US,SAN JUAN,US411321939
496618-122,SEAFARERS PUERTO RICO BUILDING CORPORATION,pr,SAN JUAN,US,SAN JUAN,US363363614L
757-1532,"PEP PUERTO RICO, LLC",pr,Guaynabo,US,GUAYNABO,GBJE111714
504598-1512,"SUNRUN JUNO OWNER 2023, LLC",pr,HUMACAO,US,HUMACAO,US262841711
500135-112,STAR SAGRADO MANAGER CORP.,pr,GUAYNABO,US,GUAYNABO,US375848624L
507319-1512,NJRLEO LLC,pr,GUAYNABO,US,GUAYNABO,US376422602L
437043-112,E3 FEDERAL SOLUTIONS PR INC.,pr,Humacao,US,HUMACAO,GB04586941
6994-112,"UNITED PARCEL SERVICE, INC.",pr,HUMACAO,US,HUMACAO,US582480149
6874-112,THE COCA-COLA COMPANY,pr,San Juan,US,SAN JUAN,US580628465
479796-812,ERNST & YOUNG LLP,pr,SAN JUAN,US,SAN JUAN,US245251451L
2855-112,"PPG INDUSTRIES, INC.",pr,Humacao,US,HUMACAO,US250730780
383844-112,SYMETRA LIFE INSURANCE COMPANY,pr,San Juan,US,SAN JUAN,JP5120005007271
61-412,AMERICAN HOME ASSURANCE COMPANY,pr,,US,,US132592361
1698-112,XEROX CORPORATION,pr,Humacao,US,HUMACAO,US833933743
14468-112,RIVERSOURCE LIFE INSURANCE COMPANY,pr,San Juan,US,SAN JUAN,US133180631
11847-112,"TETRA TECH, INC.",pr,San Juan,US,SAN JUAN,US954148514
326124-112,"FTI CONSULTING, INC.",pr,San Juan,US,SAN JUAN,US521261113
489368-112,"SOLAREDGE TECHNOLOGIES, INC.",pr,SAN JUAN,US,SAN JUAN,US205338862
491951-112,"RINGCENTRAL, INC.",pr,SAN JUAN,US,SAN JUAN,US943322844
13612-112,"ITRON, INC.",pr,San Juan,US,SAN JUAN,US911011792
447320-112,"TRINOVA, INC.",pr,SAN JUAN,US,SAN JUAN,IE512978
14656-112,"ALLIANT INSURANCE SERVICES, INC.",pr,Humacao,US,HUMACAO,US352743254L
14296-112,J M SMITH CORPORATION,pr,San Juan,US,SAN JUAN,US132974524L
421620-1512,"ROBINHOOD CRYPTO, LLC",pr,SAN JUAN,US,SAN JUAN,US464364776
402810-112,"PILOT CATASTROPHE SERVICES, INC.",pr,San Juan,US,SAN JUAN,US149137450L
493-412,"CUMIS INSURANCE SOCIETY, INC",pr,Guaynabo,US,GUAYNABO,US390230590
1-412,"CUMIS INSURANCE SOCIETY, INC",pr,Guaynabo,US,GUAYNABO,US390230590
462569-112,"M.C. DEAN, INC.",pr,San Juan,US,SAN JUAN,US131866833L
493650-112,NATERA INC.,pr,SAN JUAN,US,SAN JUAN,US010894487
15750-112,HERSHEY CREAMERY COMPANY,pr,,US,,US128254101L
10952-112,THE STELLAR GROUP INC,pr,Humacao,US,HUMACAO,US139109975L
8465-112,"JOSTENS, INC.",pr,San Juan,US,SAN JUAN,US363514169
133-412,FIDELITY AND DEPOSIT COMPANY OF MARYLAND,pr,,US,,CHCHE101236480
455593-1512,"SIGNIFY HEALTH, LLC",pr,San Juan,US,SAN JUAN,US050494040
15338-112,GLOBAL TEL*LINK CORPORATION,pr,HATO REY,US,HATO REY,US*920491661
374263-112,INDIVIOR INC.,pr,HUMACAO,US,HUMACAO,GB09237894
456278-1512,"BASTIAN SOLUTIONS, LLC",pr,San Juan,US,SAN JUAN,JP3180301014273
337790-1512,RUSHMORE LOAN MANAGEMENT SERVICES LLC,pr,Humacao,US,HUMACAO,CHCHE395345924
417655-112,JONES/COVEY GROUP INCORPORATED,pr,SAN JUAN,US,SAN JUAN,US*110347669473
420029-112,WILLIS TOWERS WATSON MIDWEST INC.,pr,Humacao,US,HUMACAO,IE475616
436940-112,WILLIS TOWERS WATSON SOUTHEAST INC.,pr,HUMACAO,US,HUMACAO,IE475616
9908-112,"COMPASS GROUP USA, INC.",pr,Humacao,US,HUMACAO,GB04083914
13854-1512,MECHANICAL DYNAMICS & ANALYSIS LLC,pr,Humacao,US,HUMACAO,JP8010401050387
497862-112,"CELLTRION USA, INC.",pr,SAN JUAN,US,SAN JUAN,KR1350110034038
15320-112,"OPEN SYSTEMS INTERNATIONAL, INC.",pr,HUMACAO,US,HUMACAO,US430259330
409-1532,"KADMON PHARMACEUTICALS, LLC",pr,HUMACAO,US,HUMACAO,FR395030844
15364-112,ELLIOT TURBOMACHINERY CO. INC.,pr,San Juan,US,SAN JUAN,JP1010801001748
442456-1512,"DEEP BLUE COMMUNICATIONS, LLC",pr,San Juan,US,SAN JUAN,US270000798
367372-112,"GENERAL DYNAMICS MISSION SYSTEMS, INC.",pr,San Juan,US,SAN JUAN,US131673581
440259-112,HCL AMERICA SOLUTIONS INC.,pr,Humacao,US,HUMACAO,IN30691FI
15504-112,HCL AMERICA INC.,pr,Humacao,US,HUMACAO,IN30691FI
436702-112,CHECKFREEPAY CORPORATION,pr,Humacao,US,HUMACAO,US391506125
456200-1512,ANHELO INSURANCE SOLUTIONS LLC,pr,San Juan,US,SAN JUAN,IE475616
459445-1512,"SUNRUN JUNO MANAGER 2021, LLC",pr,Humacao,US,HUMACAO,US262841711
366970-1512,"BHH AFFILIATES, LLC",pr,San Juan,US,SAN JUAN,US470813844
476485-1512,YOURPAY LLC,pr,Humacao,US,HUMACAO,US391506125
441812-112,"CARFAX, INC.",pr,Humacao,US,HUMACAO,US131026995
6597-112,"CARRIER (PUERTO RICO), INC.",pr,Humacao,US,HUMACAO,US834051582
444650-112,SQUARETRADE INS SERVICES INC.,pr,SAN JUAN,US,SAN JUAN,US363871531
340182-112,"TRINET HR III-A, INC.",pr,Humacao,US,HUMACAO,US953359658
413059-112,"TRINET HR III, INC.",pr,Humacao,US,HUMACAO,US953359658
442004-1512,"BEECHER CARLSON INSURANCE SERVICES, LLC",pr,Humacao,US,HUMACAO,US590864469
463510-1512,"POPULAR CENTER HOLDINGS, LLC",pr,SAN JUAN,US,SAN JUAN,US660667416
365786-1512,FCA CARIBBEAN LLC,pr,San Juan,US,SAN JUAN,NL60372958
415042-1512,"WESTERN UNION INTERNATIONAL SERVICES, LLC",pr,San Juan,US,SAN JUAN,US204531180
307533-112,"HOME RETENTION SERVICES, INC.",pr,San Juan,US,SAN JUAN,US741677330
486682-1512,"ODP BUSINESS SOLUTIONS, LLC",pr,San Juan,US,SAN JUAN,US592663954
461105-1512,"SUNRUN LUNA PORTFOLIO 2021, LLC",pr,Humacao,US,HUMACAO,US262841711
469418-1512,"SUNRUN DEMETER OWNER 2021-2, LLC",pr,Humacao,US,HUMACAO,US262841711
476802-1512,"SUNRUN JUPITER PLEDGOR 2022-1, LLC",pr,Humacao,US,HUMACAO,US262841711
476644-1512,"SUNRUN JUPITER INVESTOR 2022-1, LLC",pr,Humacao,US,HUMACAO,US262841711
476791-1512,"SUNRUN JUPITER OWNER 2022-1, LLC",pr,Humacao,US,HUMACAO,US262841711
476571-1512,"SUNRUN JUPITER HOLDCO 2022-1, LLC",pr,Humacao,US,HUMACAO,US262841711
486931-1512,"SUNRUN TERRA MANAGER 2022, LLC",pr,Humacao,US,HUMACAO,US262841711
373106-1512,ATC OPERATIONS LLC,pr,San Juan,US,SAN JUAN,US650723837
364083-112,HISCOX INSURANCE SERVICES INC.,pr,Humacao,US,HUMACAO,BM38877R
469017-1512,"SUNRUN DEMETER INVESTOR 2021-2, LLC",pr,Humacao,US,HUMACAO,US262841711
410403-112,"ETHOSENERGY TC, INC.",pr,HUMACAO,US,HUMACAO,GBSC036219
329948-1512,MARINA PDR OPERATIONS LLC,pr,Humacao,US,HUMACAO,US382730780
9009-112,MARRIOTT P.R. MANAGEMENT CORPORATION,pr,San Juan,US,SAN JUAN,US349907474L
8295-112,"CORTEVA AGRISCIENCE PUERTO RICO, INC.",pr,San Juan,US,SAN JUAN,US824979096
1032-1512,"GUY CARPENTER & COMPANY, LLC",pr,San Juan,US,SAN JUAN,US313496132L
482010-1512,PAREXEL INTERNATIONAL LLC,pr,San Juan,US,SAN JUAN,US313408616L
518079-1512,ACG JM PR LLC,pr,SAN JUAN,US,SAN JUAN,US351110453L
474888-1512,"JLC 2052 CALLE ESPANA QOF, LLC",pr,SAN JUAN,US,SAN JUAN,US351133433L
522958-1512,"AFFIRM PAYMENTS, LLC",pr,SAN JUAN,US,SAN JUAN,US842224323
467324-1512,"JANMAAT CAPITAL, LLC",pr,Humacao,US,HUMACAO,US366223325L
15281-112,LUCERO DE ALBA MANAGING MEMBER INC.,pr,San Juan,US,SAN JUAN,US368634983L
311055-112,"CDETA MANAGER, CORP.",pr,TRUJILLO ALTO,US,TRUJILLO ALTO,US369064793L
393788-1512,BP LATIN AMERICA LLC,pr,San Juan,US,SAN JUAN,US369107144L
484318-112,SWISH ANALYTICS PUERTO RICO INC.,pr,Humacao,US,HUMACAO,US372385838L
435306-1512,TCS TECH NETWORK LLC,pr,SAN JUAN,US,SAN JUAN,US372492770L
328791-1512,"BROWN & BROWN OF OREGON, LLC",pr,Humacao,US,HUMACAO,US406594511L
372307-1512,ATLANTIC COFFEE INDUSTRIAL SOLUTIONS LLC,pr,Ceiba,US,CEIBA,US281580779L
533111-112,OURO GLOBAL INC.,pr,HUMACAO,US,HUMACAO,US354103082L
457031-1512,GURU CULTIVATION LLC,pr,SAN JUAN,US,SAN JUAN,US320091380L
414366-1512,KRYPTONITE MINE LLC,pr,LUQUILLO,US,LUQUILLO,US309801554L
486148-1512,"NAVVIS & COMPANY, LLC",pr,Humacao,US,HUMACAO,US348630818L
429577-112,HITACHI ENERGY USA INC.,pr,San Juan,US,SAN JUAN,JP7010001008844
423742-112,"THYSSENKRUPP POLYSIUS NORTH AMERICA, INC.",pr,HUMACAO,US,HUMACAO,DE5110216866
437729-112,"NOVO NORDISK PHARMA, INC.",pr,GUAYNABO,US,GUAYNABO,DK24256790
6193-112,HILTON INTERNATIONAL OF PUERTO RICO LLC,pr,Humacao,US,HUMACAO,US274384691
15660-112,"ENCOMPASS HEALTH REHABILITATION HOSPITAL OF SAN JUAN, INC.",pr,HUMACAO,US,HUMACAO,US630860407
401020-1512,"PCC SUB-CDE V, LLC",pr,SAN JUAN,US,SAN JUAN,US660667416
419328-112,"METLIFE LEGAL PLANS, INC.",pr,San Juan,US,SAN JUAN,US134075851
4643-112,ELECTROLUX PUERTO RICO CORPORATION,pr,SAN JUAN,US,SAN JUAN,SE5560094178
1271-1532,"SOLAR PROJECT SAN JUAN, LLC",pr,SAN Juan,US,SAN JUAN,US*110313172796
465390-1512,"SUNRUN RAGNAR MANAGER 2021, LLC",pr,Humacao,US,HUMACAO,US262841711
140-1532,VIATRIS PHARMACEUTICALS LLC,pr,Vega Baja,US,VEGA BAJA,US135315170
474304-1512,"SUNNOVA TEP V-E, LLC",pr,Humacao,US,HUMACAO,US349453589L
327399-1512,MARINA PDR HOSPITALITY LLC,pr,Humacao,US,HUMACAO,US382730780
333837-112,ERCA HOUSING OF DELAWARE INC.,pr,San Juan,US,SAN JUAN,US369848408L
360968-1512,"VISTAS DEL BOULEVARD, LLC",pr,CAGUAS,US,CAGUAS,US375049181L
500135-112,STAR SAGRADO MANAGER CORP.,pr,GUAYNABO,US,GUAYNABO,US375848624L
467750-1512,ELR II LLC,pr,SAN JUAN,US,SAN JUAN,US376058537L
501559-122,"VOA LARES AH GP, INC.",pr,SAN JUAN,US,SAN JUAN,US376097873L
339-1531,CROWN CASTLE PR LLC,pr,San Juan,US,SAN JUAN,US378817922L
510480-1512,"SUNRUN JUNO MANAGER 2023-B, LLC",pr,HUMACAO,US,HUMACAO,US262841711
473724-1512,"BQN OF UTAH, LLC",pr,GUAYNABO,US,GUAYNABO,US380323799L
2523-112,"DELTA AIR LINES, INC.",pr,Humacao,US,HUMACAO,US580218548
9363-112,"UNITED AIRLINES, INC.",pr,San Juan,US,SAN JUAN,US362675207
330480-112,PERATON INC.,pr,BAYAMON,US,BAYAMON,US173561559L
8128-112,EQUITABLE FINANCIAL LIFE INSURANCE COMPANY,pr,Humacao,US,HUMACAO,US900226248
373823-112,SCIENCE APPLICATIONS INTERNATIONAL CORPORATION,pr,Humacao,US,HUMACAO,US461932921
381354-1512,"GODADDY.COM, LLC",pr,San Juan,US,SAN JUAN,US149171493L
12367-112,"VALMONT INDUSTRIES, INC.",pr,San Juan,US,SAN JUAN,US470351813
13380-112,ESTES EXPRESS LINES CORP.,pr,Caguas,US,CAGUAS,US132186431L
407207-112,SUNRUN INC.,pr,HUMACAO,US,HUMACAO,US262841711
400399-112,MICHELS CORPORATION,pr,San Juan,US,SAN JUAN,US132297629L
374868-1512,"LOCKTON COMPANIES, LLC",pr,GUAYNABO,US,GUAYNABO,US149118496L
6379-112,BOSE CORPORATION,pr,San Juan,US,SAN JUAN,US126254398L
10992-112,"SIEMENS ENERGY, INC.",pr,SAN JUAN,US,SAN JUAN,DE8171104214
342352-112,GREEN DOT CORPORATION,pr,Humacao,US,HUMACAO,US954766827
14813-112,BARNES GROUP INC.,pr,Humacao,US,HUMACAO,US060247840
366331-1512,"ACRISURE, LLC",pr,Humacao,US,HUMACAO,US349827047L
390272-1512,"HORMEL FOODS SALES, LLC",pr,San Juan,US,SAN JUAN,US410319970
15019-112,CALIX NETWORKS,pr,Humacao,US,HUMACAO,US680438710
15479-112,EDGEWOOD PARTNERS INSURANCE CENTER,pr,HUMACAO,US,HUMACAO,US123948988L
518886-1512,"FORTRA, LLC",pr,HUMACAO,US,HUMACAO,US150238005L
10782-112,AON SERVICE CORPORATION,pr,Humacao,US,HUMACAO,IE604607
855-1532,ADVANTAGE SALES & MARKETING LLC,pr,Humacao,US,HUMACAO,US*B000097055
407122-122,UNIVERSITY SYSTEM OF NEW HAMPSHIRE CORPORATION,pr,RIO GRANDE,US,RIO GRANDE,US127437195L
168-1532,AFL TELECOMMUNICATIONS LLC,pr,Carolina,US,CAROLINA,JP2010601007861
371681-1512,LEDVANCE LLC,pr,CATANO,US,CATANO,CN42494PC
369515-112,"GLOBUS MEDICAL NORTH AMERICA, INC.",pr,CAROLINA,US,CAROLINA,US043744954
464825-812,"LINEBARGER GOGGAN BLAIR & SAMPSON, LLP",pr,HUMACAO,US,HUMACAO,US129295235L
530480-112,TREMCO CPG INC.,pr,HUMACAO,US,HUMACAO,US020642224
364601-122,TMF HEALTH QUALITY INSTITUTE INC.,pr,GUAYNABO,US,GUAYNABO,US267960260L
511088-112,"VUBIQUITY, INC.",pr,SAN JUAN,US,SAN JUAN,GBGG19528
311638-1532,"TPR EDUCATION, LLC",pr,San Juan,US,SAN JUAN,US843727412
389681-112,"NORTHERN AIR CARGO, LLC",pr,HUMACAO,US,HUMACAO,US*110158215675
327593-1512,CETERA ADVISOR NETWORKS LLC,pr,Humacao,US,HUMACAO,US303295991L
328134-112,WILLIAMS ELECTRIC CO INC.,pr,San Juan,US,SAN JUAN,US953232481
507821-1512,BERKELEY POINT CAPITAL LLC,pr,SAN JUAN,US,SAN JUAN,USFEB11898
14-1532,GE HEALTHCARE CARIBBEAN EXPORT LLC,pr,San Juan,US,SAN JUAN,US882515116
409240-112,AMADA CAPITAL CORPORATION,pr,Humacao,US,HUMACAO,JP7021001020895
378084-112,DOPPELMAYR USA INC.,pr,Humacao,US,HUMACAO,AT9010013062
408941-1512,PROMETRIC LLC,pr,GUAYNABO,US,GUAYNABO,SE5568494180
15231-112,"IDT AMERICA, CORP.",pr,Humacao,US,HUMACAO,US223415036
510195-1512,"SUNRUN JUNO OWNER 2023-B, LLC",pr,HUMACAO,US,HUMACAO,US262841711
459439-1512,"SUNRUN JUNO OWNER 2021, LLC",pr,Humacao,US,HUMACAO,US262841711
525774-1512,CIPHER SECURITY LLC,pr,HUMACAO,US,HUMACAO,ESB78510492
527247-1512,"ACIMA DIGITAL, LLC",pr,SAN JUAN,US,SAN JUAN,US450491516
340182-112,"TRINET HR III-A, INC.",pr,Humacao,US,HUMACAO,US953359658
413059-112,"TRINET HR III, INC.",pr,Humacao,US,HUMACAO,US953359658
14563-112,ANTHOLOGY INC.,pr,SAN JUAN,US,SAN JUAN,US*I00018557901
456287-1512,"SUNRUN KRONOS OWNER 2020, LLC",pr,Humacao,US,HUMACAO,US262841711
15573-112,"TSK ELECTRONICA Y ELECTRICIDAD USA, CORP.",pr,LOIZA,US,LOIZA,ESA48035901
14889-112,TAG WARRANTY CORP.,pr,Humacao,US,HUMACAO,US*B000114094
413895-112,EBAY COMMERCE INC.,pr,San Juan,US,SAN JUAN,US770430924
461101-1512,"SUNRUN LUNA HOLDCO 2021, LLC",pr,Humacao,US,HUMACAO,US262841711
469153-1512,"SUNRUN DEMETER HOLDCO 2021-2, LLC",pr,Humacao,US,HUMACAO,US262841711
478482-1512,"SUNRUN LUNA PLEDGOR 2021, LLC",pr,Humacao,US,HUMACAO,US262841711
497907-1512,LANDMARK INFRASTRUCTURE OPERATING COMPANY LLC,pr,SAN JUAN,US,SAN JUAN,US464591526
1323-1532,"NPAS SOLUTIONS, LLC",pr,San Juan,US,SAN JUAN,US273865930
1514-1532,EXTENDED VEHICLE PROTECTION LLC,pr,,US,,NL60372958
424195-1512,"MAGELLAN RX MANAGEMENT, LLC",pr,Humacao,US,HUMACAO,US245084450L
4957-1512,"WHEELS, LLC",pr,San Juan,US,SAN JUAN,US367519823L
15279-112,ACAR LEASING LTD.,pr,HUMACAO,US,HUMACAO,US299380940L
13203-112,"WORLD CINEMA, INC.",pr,Houston,US,HOUSTON,US410300436L
580-112,E.R. SQUIBB & SONS INTER-AMERICAN CORPORATION,pr,Guaynabo,US,GUAYNABO,US220790350
3837-112,BECKMAN COULTER PUERTO RICO INC.,pr,Caguas,US,CAGUAS,US591995548
14257-112,"BROWN & BROWN OF GARDEN CITY, INC",pr,Humacao,US,HUMACAO,US590864469
340103-1512,"LL B SHEET 1, LLC",pr,SAN JUAN,US,SAN JUAN,US333559097L
509413-1512,"SUZOHAPP GAMING SOLUTIONS, LLC",pr,SAN JUAN,US,SAN JUAN,US359870231L
398166-1512,FS CREIT ORIGINATOR LLC,pr,SAN JUAN,US,SAN JUAN,US321810734L
498009-112,KEYENCE CORPORATION OF AMERICA CORPORATION,pr,GUAYNABO,US,GUAYNABO,US353226041L
407528-1512,NEPHRON STERILE COMPOUNDING CENTER LLC,pr,SAN JUAN,US,SAN JUAN,US356494997L
493222-1512,PLAYA AZUL 605 LLC,pr,LUQUILLO,US,LUQUILLO,US358148405L
331933-112,"BARNARD CENTRAL AMERICA, INC.",pr,Humacao,US,HUMACAO,US366830486L
499-1532,"CTP PLAZA, LLC",pr,Guaynabo,US,GUAYNABO,US368279534L
339244-1512,"KATE SPADE PUERTO RICO, LLC",pr,San Juan,US,SAN JUAN,US522242751
387391-112,"DAVE & BUSTER'S OF PUERTO RICO, INC.",pr,BAYAMON,US,BAYAMON,US370404965L
367820-1512,"WM 53 - CITI TOWERS, LLC",pr,SAN JUAN,US,SAN JUAN,US370612244L
380855-1512,"SEVEN G PROPERTIES OSJ, LLC",pr,San Juan,US,SAN JUAN,US370789175L
388609-112,CVS PR CENTER INC.,pr,SAN JUAN,US,SAN JUAN,US050494040
432456-1512,"BAKKT MARKETPLACE, LLC",pr,GUAYNABO,US,GUAYNABO,US371411738L
462222-1512,CE PASSIONIST CSGPR LLC,pr,Bayamon,US,BAYAMON,US372376358L
442852-112,"NUTRITION & BIOSCIENCES USA 4, INC.",pr,San Juan,US,SAN JUAN,US399443378L
317405-1532,"KGPCO SERVICES, LLC",pr,Humacao,US,HUMACAO,US405548309L
481-122,"MINISTERIO EVANGELISTICO MI CRISTO VIVE, INC.",pr,Carolina,US,CAROLINA,US308769005L
400825-112,INTERCLAIM WORLDWIDE CLAIMS CONSULTANTS INC.,pr,CAGUAS,US,CAGUAS,US318824900L
528748-1512,AUGMENT RISK SERVICES L.L.C.,pr,SAN JUAN,US,SAN JUAN,US395991941L
502529-1512,BARRIO FINO FILM LLC,pr,SAN JUAN,US,SAN JUAN,US406301036L
499499-1512,ECC ENVIRONMENTAL LLC,pr,SAN JUAN,US,SAN JUAN,US353299799L
10879-112,CORN PRODUCTS PUERTO RICO INC.,pr,San Juan,US,SAN JUAN,US223514823
14932-112,BUCKHEAD MEAT COMPANY,pr,TRUJILLO ALTO,US,TRUJILLO ALTO,US741648137
13664-112,"PARTICLE MEASURING SYSTEMS, INC.",pr,BAYAMON,US,BAYAMON,GB02025003
14359-112,"L'OCCITANE, INC.",pr,HUMACAO,US,HUMACAO,LULB125718
13100-112,FORD MOTOR SERVICE COMPANY,pr,Old San Juan,US,OLD SAN JUAN,US380549190
443605-1512,COSTCO-INNOVEL SOLUTIONS LLC,pr,San Juan,US,SAN JUAN,US911223280
2132-112,"FLUOR DANIEL CARIBBEAN, INC.",pr,Humacao,US,HUMACAO,US330927079
546-112,MCCANN-ERICKSON CORPORATION (SA.),pr,SAN JUAN,US,SAN JUAN,US131024020
8004-112,MYCOGEN SEEDS-PUERTO RICO CORPORATION,pr,SANTA ISABEL,US,SANTA ISABEL,US824979096
326402-112,SYNTEGON PHARMA TECHNOLOGY LLC,pr,San Juan,US,SAN JUAN,DE7330170297
1243-112,SEALY MATTRESS COMPANY OF PUERTO RICO,pr,BAYAMON,US,BAYAMON,US331022198
12080-112,"DIVERSEY PUERTO RICO, INC.",pr,Guaynabo,US,GUAYNABO,US250082609L
417034-1512,"INTEGRATED COMMERCIALIZATION SOLUTIONS, LLC",pr,San Juan,US,SAN JUAN,US233079390
3889-112,FOXBORO CONTROLES S.A.,pr,Humacao,US,HUMACAO,FR542048574
404594-1512,FKM UNION LLC,pr,CAMUY,US,CAMUY,US313681853L
16-1532,"ORTHO BIOLOGICS, LLC",pr,Manati,US,MANATI,US221024240
9405-112,"PEP BOYS-MANNY, MOE & JACK OF PUERTO RICO, INC.",pr,Humacao,US,HUMACAO,US133398766
10233-112,"THE RITZ-CARLTON HOTEL COMPANY OF PUERTO RICO, INC.",pr,,US,,US522055918
3511-112,"B, F & K MANAGEMENT COMPANY, INC.",pr,SAN JUAN,US,SAN JUAN,US3511-112
1424-1532,"NORESCO PUERTO RICO, LLC",pr,San Juan,US,SAN JUAN,US834051582
13934-112,"PRWIRELESS PR, LLC",pr,Humacao,US,HUMACAO,US361955126L
870-1532,"GTP INFRASTRUCTURE III, LLC",pr,SAN JUAN,US,SAN JUAN,US650723837
309453-1532,"STAR MOROVIS, LLC",pr,Guaynabo,US,GUAYNABO,US369275978L
480709-1512,"SHM PUERTO DEL REY, LLC",pr,HUMACAO,US,HUMACAO,US382730780
504605-1512,"SUNRUN RAGNAR MANAGER 2023-B, LLC",pr,HUMACAO,US,HUMACAO,US262841711
12759-112,"HONEYWELL INTERNATIONAL, INC.",pr,Humacao,US,HUMACAO,US222640650
486437-112,AMAZON WEB SERVICES INC.,pr,SAN JUAN,US,SAN JUAN,US911646860
331094-1512,WILLIS TOWERS WATSON US LLC,pr,Humacao,US,HUMACAO,IE475616
348571-1512,NISSAN MOTOR ACCEPTANCE COMPANY LLC,pr,SAN JUAN,US,SAN JUAN,JP9020001031109
11916-112,"SPIRIT AIRLINES, INC.",pr,Humacao,US,HUMACAO,US381747023
415990-112,AMWAY CORP.,pr,San Juan,US,SAN JUAN,US139313974L
12517-112,S & C ELECTRIC COMPANY,pr,SAN JUAN,US,SAN JUAN,US129819458L
11036-112,M.A. MORTENSON COMPANY,pr,HUMACAO,US,HUMACAO,US125832702L
90-812,BDO USA CORP.,pr,HUMACAO,US,HUMACAO,US253156829L
13900-112,"TYLER TECHNOLOGIES, INC.",pr,BAYAMON,US,BAYAMON,US752303920
10400-112,"CORECIVIC, INC.",pr,San Juan,US,SAN JUAN,US621763875
437223-112,CITY ELECTRIC SUPPLY COMPANY,pr,San Juan,US,SAN JUAN,US131095628L
325914-1512,EVOQUA WATER TECHNOLOGIES LLC,pr,CAGUAS,US,CAGUAS,US452080495
15048-112,BENCO DENTAL SUPPLY CO.,pr,SAN JUAN,US,SAN JUAN,US128106349L
503087-112,"BENTLEY SYSTEM, INCORPORATED",pr,SAN JUAN,US,SAN JUAN,US953936623
15357-112,"SHOE CARNIVAL, INC.",pr,San Juan,US,SAN JUAN,US351736614
417343-112,NEW YORK MARINE AND GENERAL INSURANCE COMPANY,pr,Humacao,US,HUMACAO,US241492856L
158-122,THE ASSOCIATED PRESS,pr,Humacao,US,HUMACAO,US135654887L
466093-112,PHIBRO ANIMAL HEALTH CORPORATION,pr,San Juan,US,SAN JUAN,US126471824L
343686-112,"ZIPCAR, INC.",pr,Humacao,US,HUMACAO,US060918165
525768-112,CALZEDONIA USA INC.,pr,SAN JUAN,US,SAN JUAN,IT04579370232
522302-1512,BUTLER AMERICA LLC,pr,SAN JUAN,US,SAN JUAN,IN30691FI
510155-112,"INTELLIGENT MEDICAL OBJECTS, INC.",pr,HUMACAO,US,HUMACAO,US149115868L
14544-112,"INTERSTATE NATIONAL DEALER SERVICES, INC.",pr,SAN JUAN,US,SAN JUAN,JP8010001131752
526599-1512,"LONG TERM CARE PARTNERS, L.L.C.",pr,HUMACAO,US,HUMACAO,CAFEI1004166
1554-1512,"CDK GLOBAL, LLC",pr,,US,,CA90013NC
455889-112,"CNA WARRANTY SERVICES, INC.",pr,GUAYNABO,US,GUAYNABO,US146891345L
424140-112,"HC2 STATION GROUP, INC.",pr,HUMACAO,US,HUMACAO,US541708481
425203-1512,"RISK CONSULTING PARTNERS, LLC",pr,Bayamon,US,BAYAMON,US*4000000225888
440259-112,HCL AMERICA SOLUTIONS INC.,pr,Humacao,US,HUMACAO,IN30691FI
15504-112,HCL AMERICA INC.,pr,Humacao,US,HUMACAO,IN30691FI
353603-1512,TORRID LLC,pr,Humacao,US,HUMACAO,US301767104L
448432-112,"AFLAC BENEFITS SOLUTIONS, INC.",pr,Humacao,US,HUMACAO,US581167100
458205-1512,"SKECHERS USA RETAIL, LLC",pr,San Juan,US,SAN JUAN,US954376145
13111-112,"SIGNATURE'S NATIONWIDE AUTO CLUB, INC",pr,SAN JUAN,US,SAN JUAN,US363871531
13918-112,SIEMENS HEALTHCARE DIAGNOSTICS INC.,pr,San Juan,US,SAN JUAN,DE2010000581
15668-112,WEX PAYMENTS INC.,pr,Humacao,US,HUMACAO,US010526993
393405-112,STARLINK LOGISTICS INC.,pr,Humacao,US,HUMACAO,FR395030844
497688-1512,"SUNRUN POSEIDON HOLDINGS 2022, LLC",pr,HUMACAO,US,HUMACAO,US262841711
496388-1512,"SUNRUN POSEIDON HOLDCO 2022, LLC",pr,SAN JUAN,US,SAN JUAN,US262841711
420730-112,ACCOUNTS RECEIVABLE AUTOMATED SOLUTIONS INC.,pr,Humacao,US,HUMACAO,CA30367NC
339376-112,GARBEN INVESTMENT CORPORATION,pr,Humacao,US,HUMACAO,US350060624L
512356-1512,"ASSUREDPARTNERS OF MARYLAND, LLC",pr,SAN JUAN,US,SAN JUAN,US364686101L
411138-1512,"ALVAREZ & MARSAL NORTH AMERICA, LLC",pr,Humacao,US,HUMACAO,US365447345L
363881-1512,STRAUMANN USA LLC,pr,Humacao,US,HUMACAO,US365673011L
1170-1532,"GLOBAL TOWER SERVICES, LLC",pr,SAN JUAN,US,SAN JUAN,US313228196L
462314-1512,REINA CAPITAL II LLC,pr,SAN JUAN,US,SAN JUAN,US350578955L
478110-1512,POPULAR IMPACT FUND LLC,pr,SAN JUAN,US,SAN JUAN,US660667416
496263-112,"SQUARE MOBILE, INC.",pr,SAN JUAN,US,SAN JUAN,US353751098L
468170-112,"TRAILER BRIDGE INTERNATIONAL, INC.",pr,GUAYNABO,US,GUAYNABO,US365251721L
161-1532,"KEPNER-TREGOE PUERTO RICO, LLC",pr,Humacao,US,HUMACAO,US366073046L
12609-112,YOH OF PUERTO RICO INC.,pr,San Juan,US,SAN JUAN,US366083597L
407394-1512,BOSCO PUERTO RICO LLC,pr,SAN JUAN,US,SAN JUAN,US371217623L
507313-1512,SPINTWO LLC,pr,SAN JUAN,US,SAN JUAN,US392508347L
412015-112,GESTION TECNOLOGICA E INDUSTRIAL INC.,pr,LUQUILLO,US,LUQUILLO,US319517600L
13073-112,FORMICA CORPORATION,pr,BAYAMON,US,BAYAMON,US289426160L
332352-1512,"ARC WGABOPR001, LLC",pr,Humacao,US,HUMACAO,US330580106
1092-1512,SUNRISE MEDICAL (US) LLC,pr,Humacao,US,HUMACAO,US135628003L
759-112,DOW CHEMICAL INTER-AMERICAN LIMITED,pr,SAN JUAN,US,SAN JUAN,US301128146
15587-112,MONSTER ENERGY COMPANY,pr,Humacao,US,HUMACAO,US471809393
8520-112,"PEPSICO PUERTO RICO, INC.",pr,Guaynabo,US,GUAYNABO,US131584302
15096-112,MERRILL LYNCH LIFE AGENCY OF WASHINGTON,pr,San Juan,US,SAN JUAN,US560906609
12199-112,PWJC INSURANCE SALES INCORPORATED,pr,Humacao,US,HUMACAO,US12199-112
15203-112,ALTRIA INTERNATIONAL SALES INC.,pr,San Juan,US,SAN JUAN,US133260245
471763-1512,"SUNRUN JUNO OWNER 2019, LLC",pr,Humacao,US,HUMACAO,US262841711
489615-812,"TROON PUERTO RICO, LLP",pr,SAN JUAN,US,SAN JUAN,US361923344L
1236-1532,TRADEWINDS ENERGY BARCELONETA LLC,pr,San Juan,US,SAN JUAN,US375011528L
467873-1512,"PRESTIGE EMPLOYEE ADMINISTRATORS, LLC",pr,Humacao,US,HUMACAO,US377121683L
507401-1512,"SUNRUN ULYSSES OWNER 2023, LLC",pr,HUMACAO,US,HUMACAO,US262841711
323825-123,"FUNDACION MAPFRE / FUNDACION CULTURAL PRIVADA, CORPORATION",pr,SAN JUAN,US,SAN JUAN,ESG28520443
12975-112,L3HARRIS TECHNOLOGIES INC.,pr,SAN JUAN,US,SAN JUAN,US340276860
15000-112,RGA REINSURANCE COMPANY,pr,SAN JUAN,US,SAN JUAN,US431627032
10575-112,"SOUTHEASTERN FREIGHT LINES, INC.",pr,Guaynabo,US,GUAYNABO,US120508262L
11431-112,BASF AGROCHEMICAL PRODUCTS B.V.,pr,San Juan,US,SAN JUAN,DE7150000030
10917-112,"GUIDANT PUERTO RICO, B.V.",pr,DORADO,US,DORADO,US042695240
12904-1512,IGT GLOBAL SERVICES LIMITED,pr,San Juan,US,SAN JUAN,IT02324900030
15702-112,TATA CONSULTANCY SERVICES (PHILIPPINES) INC.,pr,San Juan,US,SAN JUAN,IN0000021455
14340-112,"CATERPILLAR CRÉDITO,S.A. DE C.V. SOFOM, ER",pr,SAN JUAN,US,SAN JUAN,US370602744
68-812,DELOITTE TAX LLP,pr,SAN JUAN,US,SAN JUAN,US144597670L
441609-112,SOURCEPOINT FULFILLMENT SERVICES INC.,pr,Humacao,US,HUMACAO,IN001570615IND
419215-1512,"SUNRUN CYGNUS OWNER 2018, LLC",pr,HUMACAO,US,HUMACAO,US262841711
409554-112,ROTHSCHILD INC.,pr,SAN JUAN,US,SAN JUAN,US173303334L
484376-112,"FIRST COMMAND ADVISORY SERVICES, INC.",pr,Humacao,US,HUMACAO,US348687779L
476567-1512,"SUNRUN JUPITER DEPOSITOR 2022-1, LLC",pr,Humacao,US,HUMACAO,US262841711
348537-113,LUFTHANSA TECHNIK AKTIENGESELLSCHAFT,pr,Aguadilla,US,AGUADILLA,DE5190000974
441320-1511,"PRAK INDUSTRIES, LLC",pr,San Juan,US,SAN JUAN,US329378003L
2-1533,"HEWLETT PACKARD PUERTO RICO, BV LLC",pr,San Juan,US,SAN JUAN,US473298624
368479-112,THE AVON COMPANY,pr,San Juan,US,SAN JUAN,KR1101110003543
389846-1513,MICRO FOCUS HOLDING PR B.V. LLC,pr,GUAYNABO,US,GUAYNABO,CA31358NC
10137-112,"LILLY DEL CARIBE, INC.",pr,CAROLINA,US,CAROLINA,US350470950
8859-112,CONGAR INTERNATIONAL CORPORATION,pr,Cayey,US,CAYEY,GB03236483
14562-112,AMERICAN ENTERPRISE INVESTMENT SERVICES INC.,pr,San Juan,US,SAN JUAN,US133180631
309452-112,"STAR MOROVIS MANAGER, CORP.",pr,Guaynabo,US,GUAYNABO,US369275978L
15766-112,"KEYSIGHT TECHNOLOGIES WORLD TRADE, INC.",pr,San Juan,US,SAN JUAN,US464254555
504606-1512,"SUNRUN RAGNAR OWNER 2O23-B, LLC",pr,HUMACAO,US,HUMACAO,US262841711
511890-1512,"SUNRUN JULIUS PLEDGOR 2023-2, LLC",pr,HUMACAO,US,HUMACAO,US379908329L
12119-112,ABBVIE BIOTECHNOLOGY LTD,pr,Barceloneta,US,BARCELONETA,US320375147
8503-112,"ARROW ELECTRONICS, INC.",pr,Humacao,US,HUMACAO,US111806155
10280-112,FASTENAL COMPANY,pr,Humacao,US,HUMACAO,US410948415
12103-112,"BIO-RAD LABORATORIES, INC.",pr,San Juan,US,SAN JUAN,US941381833
70-812,"DELOITTE, LLP",pr,SAN JUAN,US,SAN JUAN,US144597670L
490290-122,RESEARCH TRIANGLE INSTITUTE,pr,San Juan,US,SAN JUAN,US149106963L
315775-1532,"FREEPOINT COMMODITIES, L.L.C.",pr,San Juan,US,SAN JUAN,USLEI759850
8594-112,"CANON MEDICAL SYSTEMS USA, INC.",pr,San Juan,US,SAN JUAN,JP6010801003186
405703-1512,"BROWN & JOSEPH, LLC",pr,Humacao,US,HUMACAO,US*110347671067
497101-1512,"ENERTECH RESOURCES, LLC",pr,SAN JUAN,US,SAN JUAN,CA5-62040066I
441105-112,AVAYA CLOUD INC.,pr,San Juan,US,SAN JUAN,US261119726
311379-1532,"BRANDYWINE GLOBAL INVESTMENT MANAGEMENT, LLC",pr,SAN JUAN,US,SAN JUAN,US132670991
476722-1512,"SUNRUN JUPITER ISSUER 2022-1, LLC",pr,Humacao,US,HUMACAO,US262841711
430131-1512,COLLIERS MORTGAGE LLC,pr,San Juan,US,SAN JUAN,CA40844NC
5625-112,AMWAY DE PUERTO RICO INC,pr,Old San Juan,US,OLD SAN JUAN,US364790327L
367416-1512,"POPULAR COMMUNITY CAPITAL, LLC",pr,SAN JUAN,US,SAN JUAN,US660667416
436933-1512,PSEG PUERTO RICO LLC,pr,SAN JUAN,US,SAN JUAN,US372634673L
402646-1512,"AES ES TAIT, LLC",pr,Humacao,US,HUMACAO,US541163725
460590-1512,"SUNNOVA TEP V-A, LLC",pr,Humacao,US,HUMACAO,US205654756
14894-112,"PAVILION PAYMENTS CHECK SERVICES, LLC",pr,San Juan,US,SAN JUAN,US582567903
8965-112,"UPS SUPPLY CHAIN SOLUTIONS, INC.",pr,HUMACAO,US,HUMACAO,US582480149
494310-112,SKYBANDITZ INTERNATIONAL INC.,pr,SAN JUAN,US,SAN JUAN,US161651043L
459476-112,ALTAIRNANO INCORPORATED,pr,SAN JUAN,US,SAN JUAN,VG*L000000217869
9109-112,"CHARLES SCHWAB & CO ., INC.",pr,San Juan,US,SAN JUAN,US943025021
5807-112,ILLINOIS TOOL WORKS INC.,pr,San Juan,US,SAN JUAN,US361258310
503621-112,CERNER CORPORATION,pr,SAN JUAN,US,SAN JUAN,US542185193
427914-112,"CLAIRE'S BOUTIQUES, INC.",pr,SAN JUAN,US,SAN JUAN,US590940416
437499-112,"PTC THERAPEUTICS, INC.",pr,Humacao,US,HUMACAO,US043416587
12241-112,"PAYPAL, INC.",pr,San Juan,US,SAN JUAN,US472989869
13619-112,TATA CONSULTANCY SERVICES LIMITED,pr,SAN JUAN,US,SAN JUAN,IN0000021455
11890-112,"GILEAD SCIENCES, INC.",pr,San Juan,US,SAN JUAN,US943047598
10929-112,BARD SHANNON LTD.,pr,Humacao,US,HUMACAO,US220760120
499989-112,COMMUNICATIONS TEST DESIGN INC.,pr,SAN JUAN,US,SAN JUAN,US128076972L
13583-112,ZIMMER MANUFACTURING B.V.,pr,San Juan,US,SAN JUAN,US134151777
465463-112,"RAMBOLL US CONSULTING, INC.",pr,San Juan,US,SAN JUAN,DK10160669
311823-112,"AMADA AMERICA, INC.",pr,Humacao,US,HUMACAO,US378792065L
500130-112,PR LAND ACQUISITIONS INC.,pr,CABO ROJO,US,CABO ROJO,US346976306L
13110-112,N. HARRIS COMPUTER CORPORATION,pr,BAYAMON,US,BAYAMON,CA32520NC
476586-1512,"SUNRUN JUPITER HOLDINGS 2022-1, LLC",pr,Humacao,US,HUMACAO,US262841711
10568-112,BUCKEYE MANAGEMENT COMPANY,pr,RIO GRANDE,US,RIO GRANDE,US*909071960
11897-112,MEDTRONIC PUERTO RICO OPERATIONS CO.,pr,San Juan,US,SAN JUAN,IE545333
411085-1512,"SUNRUN SIRIUS OWNER 2018, LLC",pr,HUMACAO,US,HUMACAO,US262841711
435537-1512,LOCKTON AFFINITY LLC,pr,GUAYNABO,US,GUAYNABO,US149118496L
15066-112,CAPITAL BROKERAGE CORPORATION,pr,San Juan,US,SAN JUAN,US800873306
461099-1512,"SUNRUN LUNA DEPOSITOR 2021, LLC",pr,Humacao,US,HUMACAO,US262841711
405582-112,"HEALTHPLAN SERVICES, INC.",pr,HUMACAO,US,HUMACAO,US358888133L
545-1532,"ORBITZ WORLDWIDE, LLC",pr,San Juan,US,SAN JUAN,US202705720
401833-1512,"ADJUSTERS INTERNATIONAL PUERTO RICO, LLC",pr,Humacao,US,HUMACAO,US371229518L
467537-112,"AMWINS GLOBAL RISKS INTERNATIONAL, INC.",pr,SAN JUAN,US,SAN JUAN,US336178943L
510110-1512,RANCHO LAEL LLC,pr,CAROLINA,US,CAROLINA,US341256875L
464679-1512,DOS MEDICOS LLC,pr,SAN JUAN,US,SAN JUAN,US251599871L
401011-1512,"PCC SUB-CDE I, LLC",pr,SAN JUAN,US,SAN JUAN,US660667416
10933-112,"PVH PUERTO RICO, INC.",pr,Humacao,US,HUMACAO,US131166910
465153-112,"GEA MECHANICAL EQUIPMENT US, INC.",pr,BAYAMON,US,BAYAMON,DE5050680511
476818-1512,"SUNRUN JUNO OWNER 2022, LLC",pr,Humacao,US,HUMACAO,US262841711
10780-112,CITIGROUP GLOBAL MARKETS INC.,pr,San Juan,US,SAN JUAN,US521568099
15694-112,SOUTHWEST AIRLINES CO.,pr,Humacao,US,HUMACAO,US741563240
349055-112,"AVANOS MEDICAL, INC.",pr,HUMACAO,US,HUMACAO,US464987888
480300-1512,"AFFIRM LOAN SERVICES, LLC",pr,San Juan,US,SAN JUAN,US842224323
412895-112,"TRINET USA, INC.",pr,Humacao,US,HUMACAO,US953359658
487141-111,MORGAN-WHITE GROUP INC.,pr,Humacao,US,HUMACAO,YY*907257415
499308-1512,CONDUCTOR LLC,pr,SAN JUAN,US,SAN JUAN,US851144904
347259-112,ELIANE CERAMIC TILE (USA) INC.,pr,Humacao,US,HUMACAO,US521604305
15731-112,WHEELER FLEET SOLUTIONS CORP.,pr,,US,,US540649263
14022-112,"OLYMPUS LATIN AMERICA, INC.",pr,Humacao,US,HUMACAO,JP5011001005222
501136-1512,"N2G WORLDWIDE INSURANCE SERVICES, LLC",pr,SAN JUAN,US,SAN JUAN,IT00079760328
371258-112,PB WORLDWIDE INC.,pr,GUAYNABO,US,GUAYNABO,US060495050
471300-112,NOVA BUS (US) INC.,pr,San Juan,US,SAN JUAN,US353222198L
325064-112,ENGIE INSIGHT SERVICES INC CORPORATION,pr,San Juan,US,SAN JUAN,US365496659L
442235-1512,PROVANTAGE CORPORATE SOLUTIONS LLC,pr,Humacao,US,HUMACAO,US355583369L
12026-112,"ASURION PROTECTION SERVICES OF PUERTO RICO, INC.",pr,SAN JUAN,US,SAN JUAN,US*B000084369
446295-1512,"CONNECTED RISK SOLUTIONS, LLC",pr,GUAYNABO,US,GUAYNABO,US611937225
7633-112,ARAMARK UNIFORM MANUFACTURING COMPANY,pr,San Juan,US,SAN JUAN,US208236097
15518-112,"COADVANTAGE RESOURCES IV, INC.",pr,San Juan,US,SAN JUAN,US*903673069
383293-112,BELL TECHNICAL SERVICES INC.,pr,DORADO,US,DORADO,US050315468
344652-1512,IWG-TLA ENCANTO 3 LLC,pr,SAN JUAN,US,SAN JUAN,US650723837
505-112,INTERNATIONAL BUSINESS MACHINES CORPORATION,pr,San Juan,US,SAN JUAN,US130871985
231-412,METROPOLITAN LIFE INSURANCE COMPANY,pr,,US,,US134075851
15721-112,INCYTE CORPORATION,pr,Humacao,US,HUMACAO,US943136539
418833-812,GRANT THORNTON LLP,pr,SAN JUAN,US,SAN JUAN,US149092141L
12684-112,"EBSCO INDUSTRIES, INC.",pr,Humacao,US,HUMACAO,US120186348L
423212-112,"PROGYNY, INC.",pr,Humacao,US,HUMACAO,US272220139
465093-112,"ACH FOOD COMPANIES, INC.",pr,SAN JUAN,US,SAN JUAN,GB00293262
497042-112,EVIDENT SCIENTIFIC INC.,pr,SAN JUAN,US,SAN JUAN,JP5011001005222
396637-112,NEW BELGIUM BREWING COMPANY INC.,pr,BAYAMON,US,BAYAMON,JP5010001034768
508866-112,CRISIS PREVENTION INSTITUTE INC.,pr,SAN JUAN,US,SAN JUAN,FR379690167
390268-122,AIDS HEALTHCARE FOUNDATION INC.,pr,Humacao,US,HUMACAO,USFEI1020143
434573-112,"LIVANOVA USA, INC.",pr,SAN JUAN,US,SAN JUAN,GB09451374
10188-112,"SELECT PORTFOLIO SERVICING, INC",pr,Humacao,US,HUMACAO,CHCHE395345924
512455-112,"B. RILEY WEALTH MANAGEMENT, INC.",pr,SAN JUAN,US,SAN JUAN,US270223495
366465-112,GENAMERICA MANAGEMENT CORPORATION,pr,Humacao,US,HUMACAO,US303853931L
324-1532,"JANSSEN-CILAG MANUFACTURING, LLC",pr,SAN JUAN,US,SAN JUAN,US221024240
369689-1512,"HEALTHCARE INSIGHTS, LLC",pr,SAN JUAN,US,SAN JUAN,US352477140
346895-1512,"DG SOLAR LESSEE II, LLC",pr,San Juan,US,SAN JUAN,GB00048839
386696-112,"LONG LAKE MSR, INC.",pr,Humacao,US,HUMACAO,US061377322
13235-112,WILLIS TOWERS WATSON NORTHEAST INC.,pr,Humacao,US,HUMACAO,IE475616
516298-1512,GOITIA MARCHIANO FAMILY LLC,pr,GUAYNABO,US,GUAYNABO,US302062319L
469366-1512,ENSEMBLE COMMERCIAL SERVICES LLC,pr,SAN JUAN,US,SAN JUAN,US313119605L
460590-1512,"SUNNOVA TEP V-A, LLC",pr,Humacao,US,HUMACAO,US205654756
455094-1512,MJ HOLDINGS CREATION LLC,pr,SAN JUAN,US,SAN JUAN,US408570758L
13810-112,"SPECTERA, INC.",pr,San Juan,US,SAN JUAN,US411321939
1297-112,"ARAMARK SERVICES OF PUERTO RICO, INC.",pr,San Juan,US,SAN JUAN,US208236097
334869-1512,EVERGREEN ENTERPRISES OF VIRGINIA LLC,pr,SAN JUAN,US,SAN JUAN,US266043941L
10586-112,KUEHNE + NAGEL INC.,pr,CAROLINA,US,CAROLINA,CHCHE243263129
497828-112,EBSCO INTERNATIONAL INC.,pr,TRUJILLO ALTO,US,TRUJILLO ALTO,US120186348L
1006-1532,"ARC AZSNJPR001, LLC",pr,Humacao,US,HUMACAO,US330580106
8813-112,BMO CAPITAL MARKETS CORP,pr,San Juan,US,SAN JUAN,CAFEB33408
14135-112,SCRIPTPRO CARIBBEAN INC.,pr,Humacao,US,HUMACAO,US361581674L
8632-112,"HAMILTON SUNDSTRAND DE PUERTO RICO, INC.",pr,San Juan,US,SAN JUAN,US060570975
493975-1512,"EDPRNA DG PR RADAR, LLC",pr,HUMACAO,US,HUMACAO,PT500697256
500096-1512,STAR SAGRADO LLC,pr,GUAYNABO,US,GUAYNABO,US375848624L
515641-1512,"SUNRUN RAGNAR MANAGER 2023-C, LLC",pr,HUMACAO,US,HUMACAO,US262841711
465011-112,"TOAST, INC.",pr,Guaynabo,US,GUAYNABO,US454168768
476663-112,"THE BOSTON CONSULTING GROUP INTERNATIONAL, INC.",pr,San Juan,US,SAN JUAN,US149118972L
480798-112,IPG PHOTONICS CORPORATION,pr,Humacao,US,HUMACAO,US043444218
328480-1512,"PARATA SYSTEMS, LLC",pr,SAN JUAN,US,SAN JUAN,US220760120
436353-112,DSV AIR & SEA INC.,pr,CAROLINA,US,CAROLINA,DK58233528
12615-112,"ABB, INC.",pr,San Juan,US,SAN JUAN,CHCHE101049653
12769-112,"APPLICATION ORIENTED DESIGNS, INC.",pr,San Juan,US,SAN JUAN,CA32520NC
475961-1512,"ENPHASE SERVICE COMPANY, LLC",pr,Humacao,US,HUMACAO,US204645388
574-1532,"SABANA SECA PARTNERS, LLC",pr,San Juan,US,SAN JUAN,US367793261L
381668-112,SV MANAGING MEMBER CORP.,pr,SAN JUAN,US,SAN JUAN,US370758014L
531575-112,PARSONS ENVIRONMENT & INFRASTRUCTURE GROUP INC.,pr,SAN JUAN,US,SAN JUAN,US401927273L
1878-112,KIMBERLY-CLARK COMMERCIAL INC.,pr,GUAYNABO,US,GUAYNABO,US390394230
486495-1512,"SUNRUN PEGASUS OWNER 2022, LLC",pr,Humacao,US,HUMACAO,US262841711
500096-1512,STAR SAGRADO LLC,pr,GUAYNABO,US,GUAYNABO,US375848624L
293-412,ALLSTATE INSURANCE COMPANY,pr,,US,,US363871531
8463-112,J.P.MORGAN SECURITIES LLC,pr,San Juan,US,SAN JUAN,US132624428
368141-112,INVACARE CORPORATION,pr,San Juan,US,SAN JUAN,US952680965
14858-112,"KOWA PHARMACEUTICALS AMERICA, INC.",pr,SAN JUAN,US,SAN JUAN,JP1180001035811
15087-112,"CCC INFORMATION SERVICES, INC.",pr,San Juan,US,SAN JUAN,US356315321L
512780-112,TEXTRON AVIATION INC.,pr,SAN JUAN,US,SAN JUAN,US050315468
14802-112,AMERICAN RECOVERY SERVICE INCORPORATED,pr,San Juan,US,SAN JUAN,IN001570615IND
458053-1512,VERUS HEALTHCARE LLC,pr,SAN JUAN,US,SAN JUAN,US823677704
86-1532,GENPACT SERVICES LLC,pr,BAYAMON,US,BAYAMON,US410662818L
383102-112,"SIEMENS GAMESA RENEWABLE ENERGY, INC.",pr,San Juan,US,SAN JUAN,DE8171104214
507408-112,"PAVILION PAYMENTS GAMING SERVICES, INC.",pr,SAN JUAN,US,SAN JUAN,US582567903
476743-1512,"SUNRUN JUPITER MANAGER 2022-1, LLC",pr,Humacao,US,HUMACAO,US262841711
462578-1512,ENDO AESTHETICS LLC,pr,San Juan,US,SAN JUAN,IE534814
367038-1512,"BROWN & BROWN METRO, LLC",pr,Humacao,US,HUMACAO,US365668304L
528854-112,"CREDIT KARMA OFFERS, INC.",pr,SAN JUAN,US,SAN JUAN,US324383810L
348245-1512,"MWPR CR, LLC",pr,Humacao,US,HUMACAO,US370314641L
513096-1512,MVNO CONNECT LLC,pr,SAN JUAN,US,SAN JUAN,US294958565L
484925-112,LEARNING INNOVATION CATALYST INC.,pr,SAN JUAN,US,SAN JUAN,US344215202L
369055-1512,"LED FUNDING II, LLC",pr,SAN JUAN,US,SAN JUAN,US404308253L
14412-112,CONOCOPHILLIPS COMPANY,pr,Humacao,US,HUMACAO,US010562944
401012-1512,"PCC SUB-CDE II, LLC",pr,SAN JUAN,US,SAN JUAN,US660667416
441730-112,SAFILO USA CORPORATION,pr,SAN SEBASTIAN,US,SAN SEBASTIAN,IT03032950242
8161-112,"MCGRAW-HILL INTERAMERICANA, INC.",pr,BAYAMON,US,BAYAMON,US131026995
471756-1512,"SUNRUN CYGNUS OWNER 2019, LLC",pr,Humacao,US,HUMACAO,US262841711
309452-112,"STAR MOROVIS MANAGER, CORP.",pr,Guaynabo,US,GUAYNABO,US369275978L
15429-112,"DANNON PR, INC.",pr,Carolina,US,CAROLINA,FR552032534
13163-112,MCKESSON CORPORATION,pr,Humacao,US,HUMACAO,US943207296
1990-112,"KELLY SERVICES, INC.",pr,San Juan,US,SAN JUAN,US381510762
11957-112,"LEXMARK INTERNATIONAL, INC.",pr,GUAYNABO,US,GUAYNABO,CN9361527733
497000-112,VALLEY NATIONAL BANK,pr,GUAYNABO,US,GUAYNABO,US222477875
438415-112,"TOSHIBA GLOBAL COMMERCE SOLUTIONS, INC.",pr,SAN JUAN,US,SAN JUAN,JP1010001230585
421225-1512,A-TO-BE USA LLC,pr,Bayamon,US,BAYAMON,US358253693L
5410-112,"JOHN CRANE CARIBE, LTD.",pr,San Juan,US,SAN JUAN,GB00137013
408763-1512,PARK AVENUE SECURITIES LLC,pr,Humacao,US,HUMACAO,US135123390
481192-112,AVASO FEDERAL SOLUTIONS INC.,pr,SAN JUAN,US,SAN JUAN,US406731521L
360764-1512,PR RENT-TO-OWN LLC,pr,SAN JUAN,US,SAN JUAN,US660667416
5620-112,"U.S.S.C. PUERTO RICO (NY), INC.",pr,Humacao,US,HUMACAO,US303702293L
471523-1512,GRHPR MANAGEMENT COMPANY LLC,pr,BAYAMON,US,BAYAMON,US326511944L
1518-1532,MERCK SHARP & DOHME (I.A.) LLC,pr,GUAYNABO,US,GUAYNABO,US221918501
492467-1512,HYLIFE FOODS WINDOM LLC,pr,GUAYNABO,US,GUAYNABO,TH0107537000246
400854-1512,"PCC SUB-CDE VII, LLC",pr,SAN JUAN,US,SAN JUAN,US660667416
14017-112,"LOCKHEED MARTIN GLOBAL, INC.",pr,AGUADILLA,US,AGUADILLA,USBOE00023227
15005-112,UNITED CONSUMER FINANCIAL SERVICES COMPANY,pr,San Juan,US,SAN JUAN,US470813844
12905-112,NATIONAL BUILDING MAINTENANCE CORP.,pr,San Juan,US,SAN JUAN,US941369354
12495-112,MAC LEAN-FOGG COMPANY,pr,FRANKLIN PARK,US,FRANKLIN PARK,US134681188L
353188-1512,270 PR UNIT R LLC,pr,SAN JUAN,US,SAN JUAN,US370413143L
